"id";"name";"slug";"kanton_code";"kanton_name";"plz";"ort";"adresse";"postfach";"telefon";"fax";"email";"homepage";"online_kalender_vorhanden_ja_nein";"online_kalender_url";"zustaendige_gemeinden"
"regionales-zivilstandsamt-aarau-aarau-ag";"Regionales Zivilstandsamt Aarau";"regionales-zivilstandsamt-aarau-aarau-ag";"AG";"Aargau";"5000";"Aarau";"Laurenzenvorstadt 1";"";"";"";"zivilstandsamt@aarau.ch";"";"";"";"Aarau, Aarau (Rohr), Biberstein, Buchs (AG), Densbüren, Erlinsbach (AG), Gränichen, Küttigen, Oberentfelden, Suhr, Unterentfelden"
"regionales-zivilstandsamt-bremgarten-bremgarten-ag-ag";"Regionales Zivilstandsamt Bremgarten";"regionales-zivilstandsamt-bremgarten-bremgarten-ag-ag";"AG";"Aargau";"5620";"Bremgarten (AG)";"Rathausplatz 1";"";"";"+41 56 648 74 90";"regionaleszivilstandsamt@bremgarten.ch";"";"";"";"Arni (AG), Berikon, Bremgarten, Bremgarten (Hermetschwil-Staffeln), Eggenwil, Fischbach-Göslikon, Islisberg, Jonen, Oberlunkhofen, Oberwil-Lieli, Rudolfstetten-Friedlisberg, Unterlunkhofen, Widen, Zufikon"
"regionales-zivilstandsamt-brugg-brugg-ag";"Regionales Zivilstandsamt Brugg";"regionales-zivilstandsamt-brugg-brugg-ag";"AG";"Aargau";"5201";"Brugg";"Untere Hofstatt 4";"Postfach";"";"";"zivilstandsamt@brugg.ch";"";"";"";"Auenstein, Birr, Birrhard, Bözberg, Bözberg (Gallenkirch), Bözberg (Linn), Bözberg (Oberbözberg), Bözberg (Unterbözberg), Brugg, Brugg (Schinznach-Bad), Brugg (Umiken), Habsburg, Hausen, Lupfig, Lupfig (Scherz), Mönthal, Mülligen, Remigen, Riniken, Rüfenach, Schinznach, Schinznach (Oberflachs), Schinznach (Schinznach-Dorf), Thalheim, Veltheim, Villigen, Villigen (Stilli), Villnachern, Windisch"
"regionales-zivilstandsamt-laufenburg-laufenburg-ag";"Regionales Zivilstandsamt Laufenburg";"regionales-zivilstandsamt-laufenburg-laufenburg-ag";"AG";"Aargau";"5080";"Laufenburg";"Gerichtsgasse 80";"Postfach 208";"";"+41 62 869 11 39";"zivilstandsamt@laufenburg.ch";"";"";"";"Böztal, Böztal (Bözen), Böztal (Effingen), Böztal (Elfingen), Böztal (Hornussen), Eiken, Frick, Gansingen, Gipf-Oberfrick, Herznach-Ueken, Herznach-Ueken (Herznach), Herznach-Ueken (Ueken), Kaisten, Kaisten (Ittenthal), Laufenburg, Laufenburg (Sulz), Mettauertal, Mettauertal (Etzgen), Mettauertal (Hottwil), Mettauertal (Mettau), Mettauertal (Oberhofen), Mettauertal (Wil), Münchwilen (AG), Oberhof, Oeschgen, Schwaderloch, Sisseln, Wittnau, Wölflinswil, Zeihen"
"regionales-zivilstandsamt-lenzburg-lenzburg-ag";"Regionales Zivilstandsamt Lenzburg";"regionales-zivilstandsamt-lenzburg-lenzburg-ag";"AG";"Aargau";"5600";"Lenzburg";"Rathaus";"Rathausgasse 16";"";"";"zivilstandsamt@lenzburg.ch";"";"";"";"Ammerswil, Boniswil, Brunegg, Dintikon, Egliswil, Fahrwangen, Hallwil, Hendschiken, Holderbank (AG), Hunzenschwil, Lenzburg, Meisterschwanden, Möriken-Wildegg, Niederlenz, Othmarsingen, Rupperswil, Schafisheim, Seengen, Seon, Staufen"
"regionales-zivilstandsamt-leuggern-leuggern-ag";"Regionales Zivilstandsamt Leuggern";"regionales-zivilstandsamt-leuggern-leuggern-ag";"AG";"Aargau";"5316";"Leuggern";"Schulweg 1";"";"";"+41 56 268 60 53";"rza@leuggern.ch";"";"";"";"Böttstein, Döttingen, Full-Reuenthal, Klingnau, Koblenz, Leibstadt, Leuggern, Mandach"
"regionales-zivilstandsamt-mellingen-mellingen-ag";"Regionales Zivilstandsamt Mellingen";"regionales-zivilstandsamt-mellingen-mellingen-ag";"AG";"Aargau";"5507";"Mellingen";"Iberghof, Kleine Kirchgasse 11";"";"";"+41 56 481 88 85";"zivilstandsamt@mellingen.ch";"";"";"";"Bellikon, Fislisbach, Künten, Mägenwil, Mellingen, Niederrohrdorf, Oberrohrdorf, Remetschwil, Stetten (AG), Tägerig, Wohlenschwil"
"regionales-zivilstandsamt-menziken-burg-ag";"Regionales Zivilstandsamt Menziken";"regionales-zivilstandsamt-menziken-burg-ag";"AG";"Aargau";"5736";"Burg";"Hauptstrasse 80";"";"";"";"zivilstandsamt@menziken.ch";"";"";"";"Beinwil am See, Birrwil, Dürrenäsch, Gontenschwil, Leimbach, Leutwil, Menziken, Menziken (Burg), Oberkulm, Reinach (AG), Teufenthal, Unterkulm, Zetzwil"
"regionales-zivilstandsamt-muri-muri-ag";"Regionales Zivilstandsamt Muri";"regionales-zivilstandsamt-muri-muri-ag";"AG";"Aargau";"5630";"Muri";"Seetalstrasse 6";"";"";"+41 56 675 52 19";"zivilstandsamt@muri.ch";"";"";"";"Aristau, Beinwil (Freiamt), Besenbüren, Bettwil, Boswil, Bünzen, Buttwil, Geltwil, Kallern, Merenschwand, Merenschwand (Benzenschwil), Muri, Rottenschwil, Waltenschwil"
"regionales-zivilstandsamt-rheinfelden-rheinfelden-ag";"Regionales Zivilstandsamt Rheinfelden";"regionales-zivilstandsamt-rheinfelden-rheinfelden-ag";"AG";"Aargau";"4310";"Rheinfelden";"Marktgasse 16";"Postfach";"";"";"zivilstandsamt@rheinfelden.ch";"";"";"";"Hellikon, Kaiseraugst, Magden, Möhlin, Mumpf, Obermumpf, Olsberg (AG), Rheinfelden, Schupfart, Stein (AG), Wallbach, Wegenstetten, Zeiningen, Zuzgen"
"regionales-zivilstandsamt-schoftland-schoftland-ag";"Regionales Zivilstandsamt Schöftland";"regionales-zivilstandsamt-schoftland-schoftland-ag";"AG";"Aargau";"5040";"Schöftland";"Bahnhofstrasse 5";"Postfach 426";"";"+41 62 739 12 81";"zivilstandsamt@schoeftland.ch";"";"";"";"Hirschthal, Holziken, Kirchleerau, Kölliken, Moosleerau, Muhen, Reitnau, Reitnau (Attelwil), Schlossrued, Schmiedrued, Schöftland, Staffelbach, Uerkheim, Wiliberg"
"regionales-zivilstandsamt-sins-sins-ag";"Regionales Zivilstandsamt Sins";"regionales-zivilstandsamt-sins-sins-ag";"AG";"Aargau";"5643";"Sins";"Kirchstrasse 14";"";"";"+41 41 789 70 18";"einwohner@sins.ch";"";"";"";"Abtwil, Auw, Dietwil, Mühlau, Oberrüti, Sins"
"regionales-zivilstandsamt-wohlen-wohlen-ag";"Regionales Zivilstandsamt Wohlen";"regionales-zivilstandsamt-wohlen-wohlen-ag";"AG";"Aargau";"5610";"Wohlen";"Zentralstrasse 20";"";"";"";"zivilstandsamt@wohlen.ch";"";"";"";"Büttikon, Dottikon, Hägglingen, Niederwil (AG), Sarmenstorf, Uezwil, Villmergen, Villmergen (Hilfikon), Wohlen"
"regionales-zivilstandsamt-zofingen-zofingen-ag";"Regionales Zivilstandsamt Zofingen";"regionales-zivilstandsamt-zofingen-zofingen-ag";"AG";"Aargau";"4800";"Zofingen";"Kirchplatz 26";"Postfach";"";"";"zivilstandsamt@zofingen.ch";"";"";"";"Aarburg, Bottenwil, Brittnau, Murgenthal, Oftringen, Rothrist, Safenwil, Strengelbach, Vordemwald, Zofingen, Zofingen (Mühlethal)"
"regionales-zivilstandsamt-zurzach-bad-zurzach-ag";"Regionales Zivilstandsamt Zurzach";"regionales-zivilstandsamt-zurzach-bad-zurzach-ag";"AG";"Aargau";"5330";"Bad Zurzach";"Hauptstrasse 50";"";"";"+41 56 269 71 85";"zivilstandsamt@zurzach.ch";"";"";"";"Endingen, Endingen (Unterendingen), Fisibach, Lengnau (AG), Mellikon, Schneisingen, Siglistorf, Tegerfelden, Zurzach, Zurzach (Bad Zurzach), Zurzach (Baldingen), Zurzach (Böbikon), Zurzach (Kaiserstuhl), Zurzach (Rekingen), Zurzach (Rietheim), Zurzach (Rümikon), Zurzach (Wislikofen)"
"zivilstandsamt-wettingen-wettingen-ag";"Zivilstandsamt Wettingen";"zivilstandsamt-wettingen-wettingen-ag";"AG";"Aargau";"5430";"Wettingen";"Alb. Zwyssigstrasse 76";"";"";"+41 56 437 72 99";"zivilstandsamt@wettingen.ch";"";"";"";"Ehrendingen, Ehrendingen (Oberehrendingen), Ehrendingen (Unterehrendingen), Killwangen, Neuenhof, Spreitenbach, Wettingen, Würenlos"
"zivilstandskreis-baden-baden-ag";"Zivilstandskreis Baden";"zivilstandskreis-baden-baden-ag";"AG";"Aargau";"5401";"Baden";"Klösterli, Oberstadtstrasse 4";"Postfach";"";"";"zivilstandskreis@baden.ch";"";"";"";"Baden, Baden (Turgi), Birmenstorf, Ennetbaden, Freienwil, Gebenstorf, Obersiggenthal, Untersiggenthal, Würenlingen"
"zivilstandskreis-dietikon-dietikon-ag";"Zivilstandskreis Dietikon";"zivilstandskreis-dietikon-dietikon-ag";"AG";"Aargau";"8953";"Dietikon";"Bremgartnerstrasse 22";"";"";"+41 44 744 36 29";"zivilstandsamt@dietikon.ch";"";"";"";"Bergdietikon"
"zivilstandsamt-appenzell-appenzell-ai";"Zivilstandsamt Appenzell";"zivilstandsamt-appenzell-appenzell-ai";"AI";"Appenzell Innerrhoden";"9050";"Appenzell";"Marktgasse 2";"";"";"";"peter.faessler@jpmd.ai.ch";"";"";"";"Appenzell, Gonten, Oberegg, Schlatt-Haslen, Schwende-Rüte"
"zivilstandsamt-hinterland-appenzell-a-rh-herisau-ar";"Zivilstandsamt Hinterland Appenzell A.Rh.";"zivilstandsamt-hinterland-appenzell-a-rh-herisau-ar";"AR";"Appenzell Ausserrhoden";"9102";"Herisau";"Poststrasse 6";"Postfach 1160";"";"";"zivilstandsamt@herisau.ar.ch";"";"";"";"Herisau, Hundwil, Schönengrund, Schwellbrunn, Stein (AR), Urnäsch, Waldstatt"
"zivilstandsamt-mittelland-buhler-ar";"Zivilstandsamt Mittelland";"zivilstandsamt-mittelland-buhler-ar";"AR";"Appenzell Ausserrhoden";"9055";"Bühler";"Postfach";"";"";"";"za@buehler.ar.ch";"";"";"";"Bühler, Gais, Speicher, Teufen, Trogen"
"zivilstandsamt-vorderland-rehetobel-ar";"Zivilstandsamt Vorderland";"zivilstandsamt-vorderland-rehetobel-ar";"AR";"Appenzell Ausserrhoden";"9038";"Rehetobel";"St. Gallerstrasse 11";"Postfach 14";"";"";"zavlar@rehetobel.ar.ch";"";"";"";"Grub, Heiden, Lutzenberg, Rehetobel, Reute, Wald (AR), Walzenhausen, Wolfhalden"
"office-de-l-etat-civil-du-jura-bernois-courtelary-be";"Office de l'état civil du Jura bernois";"office-de-l-etat-civil-du-jura-bernois-courtelary-be";"BE";"Bern";"2608";"Courtelary";"Rue de la Préfecture 2c";"";"";"+41 31 635 41 39";"ec.jb.secn@be.ch";"";"";"";"Belprahon, Champoz, Corcelles, Corgémont, Cormoret, Cortébert, Court, Courtelary, Crémines, Eschert, Grandval, La Ferrière, La Neuveville, Loveresse, Mont-Tramelan, Moutier, Nods, Orvin, Perrefitte, Péry-La Heutte, Péry-La Heutte (La Heutte), Péry-La Heutte (Péry), Petit-Val, Petit-Val (Châtelat), Petit-Val (Monible), Petit-Val (Sornetan), Petit-Val (Souboz), Plateau de Diesse, Plateau de Diesse (Diesse), Plateau de Diesse (Lamboing), Plateau de Diesse (Prêles), Rebévelier, Reconvilier, Renan, Roches, Romont (BE), Saicourt, Saint-Imier, Sauge, Sauge (Plagne), Sauge (Vauffelin), Saules, Schelten, Seehof, Sonceboz-Sombeval, Sonvilier, Sorvilier, Tavannes, Tramelan, Valbirse, Valbirse (Bévilard), Valbirse (Malleray), Valbirse (Pontenet), Villeret"
"zivilstandsamt-bern-mittelland-bern-be";"Zivilstandsamt Bern-Mittelland";"zivilstandsamt-bern-mittelland-bern-be";"BE";"Bern";"3008";"Bern";"Laupenstrasse 18A";"";"";"+41 31 635 42 01";"za.bm.zbd@be.ch";"";"";"";"Allmendingen, Arni (BE), Bäriswil, Belp, Bern, Biglen, Bolligen, Bowil, Bremgarten bei Bern, Brenzikofen, Deisswil bei Münchenbuchsee, Ferenbalm, Fraubrunnen, Fraubrunnen (Büren zum Hof), Fraubrunnen (Etzelkofen), Fraubrunnen (Grafenried), Fraubrunnen (Limpach), Fraubrunnen (Mülchi), Fraubrunnen (Schalunen), Fraubrunnen (Zauggenried), Frauenkappelen, Freimettigen, Gerzensee, Grosshöchstetten, Grosshöchstetten (Schlosswil), Guggisberg, Gurbrü, Häutligen, Herbligen, Iffwil, Ittigen, Jaberg, Jegenstorf, Jegenstorf (Münchringen), Jegenstorf (Scheunen), Kaufdorf, Kehrsatz, Kiesen, Kirchdorf, Kirchdorf (Gelterfingen), Kirchdorf (Mühledorf), Kirchdorf (Noflen), Kirchlindach, Köniz, Konolfingen, Kriechenwil, Landiswil, Laupen, Linden, Mattstetten, Meikirch, Mirchel, Moosseedorf, Mühleberg, Münchenbuchsee, Münchenbuchsee (Diemerswil), Münchenwiler, Münsingen, Münsingen (Tägertschi), Muri bei Bern, Neuenegg, Niederhünigen, Niedermuhlern, Oberbalm, Oberdiessbach, Oberdiessbach (Bleiken bei Oberdiessbach), Oberhünigen, Oberthal, Oppligen, Ostermundigen, Riggisberg, Riggisberg (Rümligen), Rubigen, Rüeggisberg, Rüschegg, Schwarzenburg, Stettlen, Thurnen, Thurnen (Kirchenthurnen), Thurnen (Lohnstorf), Thurnen (Mühlethurnen), Toffen, Urtenen-Schönbühl, Vechigen, Wald (BE), Walkringen, Wichtrach, Wiggiswil, Wileroltigen, Wohlen bei Bern, Worb, Zäziwil, Zollikofen, Zuzwil (BE)"
"zivilstandsamt-emmental-langnau-im-emmental-be";"Zivilstandsamt Emmental";"zivilstandsamt-emmental-langnau-im-emmental-be";"BE";"Bern";"3550";"Langnau im Emmental";"Marktstrasse 7";"";"";"+41 31 635 41 51";"za.et.zbd@be.ch";"";"";"";"Aefligen, Affoltern im Emmental, Alchenstorf, Bätterkinden, Burgdorf, Dürrenroth, Eggiwil, Ersigen, Ersigen (Niederösch), Ersigen (Oberösch), Hasle bei Burgdorf, Heimiswil, Hellsau, Hindelbank, Hindelbank (Mötschwil), Höchstetten, Kernenried, Kirchberg (BE), Koppigen, Krauchthal, Langnau im Emmental, Lauperswil, Lützelflüh, Lyssach, Oberburg, Röthenbach im Emmental, Rüderswil, Rüdtligen-Alchenflüh, Rüegsau, Rumendingen, Rüti bei Lyssach, Schangnau, Signau, Sumiswald, Trachselwald, Trub, Trubschachen, Utzenstorf, Wiler bei Utzenstorf, Willadingen, Wynigen, Zielebach"
"zivilstandsamt-oberaargau-langenthal-be";"Zivilstandsamt Oberaargau";"zivilstandsamt-oberaargau-langenthal-be";"BE";"Bern";"4900";"Langenthal";"Melchnaustrasse 28";"";"";"+41 31 635 42 92";"za.oa.zbd@be.ch";"";"";"";"Aarwangen, Attiswil, Auswil, Bannwil, Berken, Bettenhausen, Bleienbach, Busswil bei Melchnau, Eriswil, Farnern, Gondiswil, Graben, Heimenhausen, Herzogenbuchsee, Huttwil, Inkwil, Langenthal, Langenthal (Obersteckholz), Lotzwil, Madiswil, Melchnau, Niederbipp, Niederbipp (Wolfisberg), Niederönz, Oberbipp, Ochlenberg, Oeschenbach, Reisiswil, Roggwil (BE), Rohrbach, Rohrbachgraben, Rumisberg, Rütschelen, Schoren, Schwarzhäusern, Seeberg, Seeberg (Hermiswil), Thörigen, Thunstetten, Ursenbach, Walliswil bei Niederbipp, Walliswil bei Wangen, Walterswil (BE), Wangen an der Aare, Wangen an der Aare (Wangenried), Wiedlisbach, Wynau, Wyssachen"
"zivilstandsamt-oberland-ost-interlaken-be";"Zivilstandsamt Oberland Ost";"zivilstandsamt-oberland-ost-interlaken-be";"BE";"Bern";"3800";"Interlaken";"Schloss 8";"";"";"+41 31 635 43 49";"za.oo.zbd@be.ch";"";"";"";"Beatenberg, Bönigen, Brienz, Brienzwiler, Därligen, Grindelwald, Gsteigwiler, Gündlischwand, Guttannen, Habkern, Hasliberg, Hofstetten bei Brienz, Innertkirchen, Innertkirchen (Gadmen), Interlaken, Iseltwald, Lauterbrunnen, Leissigen, Lütschental, Matten bei Interlaken, Meiringen, Niederried bei Interlaken, Oberried am Brienzersee, Ringgenberg, Saxeten, Schattenhalb, Schwanden bei Brienz, Unterseen, Wilderswil"
"zivilstandsamt-oberland-west-thun-be";"Zivilstandsamt Oberland West";"zivilstandsamt-oberland-west-thun-be";"BE";"Bern";"3600";"Thun";"Scheibenstrasse 3";"";"";"+41 31 635 43 19";"za.ow.zbd@be.ch";"";"";"";"Adelboden, Aeschi bei Spiez, Amsoldingen, Blumenstein, Boltigen, Buchholterberg, Burgistein, Därstetten, Diemtigen, Eriz, Erlenbach im Simmental, Fahrni, Forst-Längenbühl, Frutigen, Gsteig, Gurzelen, Heiligenschwendi, Heimberg, Hilterfingen, Homberg, Horrenbach-Buchen, Kandergrund, Kandersteg, Krattigen, Lauenen, Lenk, Oberhofen am Thunersee, Oberlangenegg, Oberwil im Simmental, Pohlern, Reichenbach im Kandertal, Reutigen, Reutigen (Zwieselberg), Saanen, Schwendi, Seftigen, Sigriswil, Spiez, St. Stephan, Steffisburg, Steffisburg (Schwendibach), Stocken-Höfen, Stocken-Höfen (Höfen), Stocken-Höfen (Niederstocken), Stocken-Höfen (Oberstocken), Strättligen, Teuffenthal, Thierachern, Thun, Uebeschi, Uetendorf, Unterlangenegg, Uttigen, Uttigen (Kienersrüti), Wachseldorn, Wattenwil, Wimmis, Zweisimmen"
"zivilstandsamt-seeland-biel-bienne-be";"Zivilstandsamt Seeland";"zivilstandsamt-seeland-biel-bienne-be";"BE";"Bern";"2502";"Biel/Bienne";"Seevorstadt 105";"Faubourg du Lac 105";"";"+41 31 635 43 89";"za.sl.zbd@be.ch";"";"";"";"Aarberg, Aegerten, Arch, Bargen (BE), Bellmund, Biel/Bienne, Bözingen, Brügg, Brüttelen, Büetigen, Bühl, Büren an der Aare, Diessbach bei Büren, Dotzigen, Epsach, Erlach, Evilard, Finsterhennen, Gals, Gampelen, Grossaffoltern, Hagneck, Hermrigen, Ins, Ipsach, Jens, Kallnach, Kallnach (Golaten), Kappelen, Lengnau (BE), Leuzigen, Ligerz, Lüscherz, Lyss, Madretsch, Meienried, Meinisberg, Merzligen, Mett, Mörigen, Müntschemier, Nidau, Oberwil bei Büren, Orpund, Pieterlen, Port, Radelfingen, Rapperswil, Rapperswil (Bangerten), Rüti bei Büren, Safnern, Scheuren, Schüpfen, Schwadernau, Seedorf (BE), Siselen, Studen, Sutz-Lattrigen, Täuffelen, Treiten, Tschugg, Twann-Tüscherz, Vinelz, Walperswil, Wengi, Worben"
"zivilstandsamt-basel-landschaft-arlesheim-bl";"Zivilstandsamt Basel-Landschaft";"zivilstandsamt-basel-landschaft-arlesheim-bl";"BL";"Basel-Landschaft";"4144";"Arlesheim";"Kirchgasse 5";"Postfach 859";"";"";"zivilstandsamt@bl.ch";"";"";"";"Aesch (BL), Allschwil, Anwil, Arboldswil, Arisdorf, Arlesheim, Augst, Bennwil, Biel-Benken, Binningen, Birsfelden, Blauen, Böckten, Bottmingen, Bretzwil, Brislach, Bubendorf, Buckten, Burg im Leimental, Buus, Diegten, Diepflingen, Dittingen, Duggingen, Eptingen, Ettingen, Frenkendorf, Füllinsdorf, Gelterkinden, Giebenach, Grellingen, Häfelfingen, Hemmiken, Hersberg, Hölstein, Itingen, Känerkinden, Kilchberg (BL), Lampenberg, Langenbruck, Läufelfingen, Laufen, Laufen-Stadt, Laufen-Vorstadt, Lausen, Lauwil, Liedertswil, Liesberg, Liestal, Lupsingen, Maisprach, Münchenstein, Muttenz, Nenzlingen, Niederdorf, Nusshof, Oberdorf (BL), Oberwil, Olsberg (BL), Oltingen, Ormalingen, Pfeffingen, Pratteln, Ramlinsburg, Reigoldswil, Reinach (BL), Rickenbach (BL), Roggenburg, Röschenz, Rothenfluh, Rümlingen, Rünenberg, Schönenbuch, Seltisberg, Sissach, Tecknau, Tenniken, Therwil, Thürnen, Titterten, Wahlen, Waldenburg, Wenslingen, Wintersingen, Wittinsburg, Zeglingen, Ziefen, Zunzgen, Zwingen"
"zivilstandsamt-basel-stadt-basel-bs";"Zivilstandsamt Basel-Stadt";"zivilstandsamt-basel-stadt-basel-bs";"BS";"Basel-Stadt";"4001";"Basel";"Rittergasse 11";"Postfach";"";"+41 61 267 67 49";"za@jsd.bs.ch";"";"";"";"Basel, Bettingen, Riehen"
"office-de-l-etat-civil-du-canton-de-fribourg-zivilstandsamt-des-kantons-freiburg-fribourg-fr";"Office de l'état civil du canton de Fribourg/Zivilstandsamt des Kantons Freiburg";"office-de-l-etat-civil-du-canton-de-fribourg-zivilstandsamt-des-kantons-freiburg-fribourg-fr";"FR";"Freiburg";"1701";"Fribourg";"Rue de l'Abbé-Bovet 14";"Case postale 215";"";"";"office.etatcivil@fr.ch";"";"";"";"Attalens, Autigny, Avry, Avry (Avry-sur-Matran), Avry (Corjolens), Bas-Intyamon, Bas-Intyamon (Enney), Bas-Intyamon (Estavannens), Bas-Intyamon (Villars-sous-Mont), Belfaux, Belfaux (Autafond), Belfaux (Cutterwil), Belmont-Broye, Belmont-Broye (Chandon), Belmont-Broye (Domdidier), Belmont-Broye (Dompierre (FR)), Belmont-Broye (Léchelles), Belmont-Broye (Russy), Billens-Hennens, Billens-Hennens (Billens), Billens-Hennens (Hennens), Bois-d'Amont, Bois-d'Amont (Arconciel), Bois-d'Amont (Ependes (FR)), Bois-d'Amont (Sales), Bois-d'Amont (Senèdes), Bösingen, Bossonnens, Botterens, Botterens (Villarbeney), Broc, Brünisried, Bulle, Bulle (La Tour-de-Trême), Châtel-Saint-Denis, Châtel-sur-Montsalvens, Châtillon (FR), Châtonnaye, Chénens, Cheyres-Châbles, Cheyres-Châbles (Châbles), Cheyres-Châbles (Cheyres), Corbières, Corbières (Villarvolard), Corminboeuf, Corminboeuf (Chésopelloz), Cottens, Courgevaux, Courtepin, Courtepin (Barberêche), Courtepin (Chandossel), Courtepin (Courtaman), Courtepin (Villarepos), Courtepin (Wallenried), Cressier (FR), Crésuz, Cugy (FR), Cugy (Vesin), Delley-Portalban, Delley-Portalban (Delley), Delley-Portalban (Portalban), Düdingen, Echarlens, Estavayer, Estavayer (Autavaux), Estavayer (Bussy (FR)), Estavayer (Estavayer-le-Lac), Estavayer (Font), Estavayer (Forel (FR)), Estavayer (Franex), Estavayer (La Vounaise), Estavayer (Montborget), Estavayer (Montbrelloz), Estavayer (Morens (FR)), Estavayer (Murist), Estavayer (Rueyres-les-Prés), Estavayer (Vernay), Estavayer (Vuissens), Ferpicloz, Fétigny, Fräschels, Fribourg, Gibloux, Gibloux (Corpataux-Magnedens), Gibloux (Corpataux), Gibloux (Estavayer-le-Gibloux), Gibloux (Farvagny-le-Grand), Gibloux (Farvagny-le-Petit), Gibloux (Farvagny), Gibloux (Grenilles), Gibloux (Illens), Gibloux (Le Glèbe), Gibloux (Magnedens), Gibloux (Posat), Gibloux (Rossens (FR)), Gibloux (Rueyres-Saint-Laurent), Gibloux (Villarlod), Gibloux (Villarsel-le-Gibloux), Gibloux (Vuisternens-en-Ogoz), Giffers, Givisiez, Gletterens, Grandvillard, Granges (Veveyse), Granges-Paccot, Grangettes, Greng, Grolley-Ponthaux, Grolley-Ponthaux (Corsalettes (Lac)), Grolley-Ponthaux (Grolley), Grolley-Ponthaux (Nierlet-les-Bois), Grolley-Ponthaux (Ponthaux), Gruyères, Gurmels, Gurmels (Cordast), Gurmels (Grossgurmels), Gurmels (Grossguschelmuth), Gurmels (Guschelmuth), Gurmels (Kleingurmels), Gurmels (Kleinguschelmuth), Gurmels (Liebistorf), Gurmels (Monterschu), Gurmels (Wallenbuch), Haut-Intyamon, Haut-Intyamon (Albeuve), Haut-Intyamon (Lessoc), Haut-Intyamon (Montbovon), Haut-Intyamon (Neirivue), Hauterive, Hauterive (FR) (Ecuvillens), Hauterive (FR) (Posieux), Hauteville, Heitenried, Jaun, Kerzers, Kleinbösingen, La Brillaz, La Brillaz (Lentigny), La Brillaz (Lovens), La Brillaz (Onnens), La Roche, La Sonnaz, La Sonnaz (Cormagens), La Sonnaz (Formangueires), La Sonnaz (La Corbaz), La Sonnaz (Lossy-Formangueires), La Sonnaz (Lossy), La Verrerie, La Verrerie (Grattavache), La Verrerie (Le Crêt), La Verrerie (Progens), Le Châtelard, Le Flon, Le Flon (Bouloz), Le Flon (Pont), Le Flon (Porsel), Le Mouret, Le Mouret (Bonnefontaine), Le Mouret (Essert), Le Mouret (Montécu), Le Mouret (Montévraz), Le Mouret (Oberried), Le Mouret (Praroman), Le Mouret (Zénauva), Le Pâquier, Les Montets, Les Montets (Aumont), Les Montets (Frasses), Les Montets (Granges-de-Vesin), Les Montets (Montet (Broye)), Lully (Bollion), Lully (FR), Lully (Seiry), Marly, Marly (Chésalles), Marly (Marly-le-Grand), Marly (Marly-le-Petit), Marsens, Marsens (Vuippens), Massonnens, Matran, Ménières, Meyriez, Mézières, Mézières (FR) (Berlens), Misery-Courtion, Misery-Courtion (Cormérod), Misery-Courtion (Cournillens), Misery-Courtion (Courtion), Misery-Courtion (Misery), Mont-Vully, Mont-Vully (Bas-Vully), Mont-Vully (Haut-Vully), Montagny, Montagny (Mannens-Grandsivaz), Montagny (Montagny-la-Ville), Montagny (Montagny-les-Monts), Morlon, Muntelier, Murten, Murten (Altavilla), Murten (Büchslen), Murten (Burg), Murten (Clavaleyres BE), Murten (Courlevon), Murten (Coussiberlé), Murten (Galmiz), Murten (Gempenach), Murten (Jeuss), Murten (Lurtigen), Murten (Salvenach), Neyruz, Nuvilly, Pierrafortscha, Plaffeien, Plaffeien (Oberschrot), Plaffeien (Zumholz), Plasselb, Plasselb (Neuhaus), Pont-en-Ogoz, Pont-en-Ogoz (Avry-devant-Pont), Pont-en-Ogoz (Gumefens), Pont-en-Ogoz (Le Bry), Pont-en-Ogoz (Villars-d'Affry), Pont-la-Ville, Prévondavaux, Prez, Prez (Corserey), Prez (Noréaz), Prez (Prez-vers-Noréaz), Rechthalten, Remaufens, Riaz, Ried bei Kerzers, Ried bei Kerzers (Agriswil), Romont (FR), Romont (FR) (Arruffens), Romont (FR) (Les Glânes), Rue, Rue (Auboranges), Rue (Blessens), Rue (Chapelle (Glâne)), Rue (Ecublens), Rue (Eschiens), Rue (Gillarens), Rue (Promasens), Rue (Villangeaux), Saint-Aubin, Saint-Aubin (FR) (Les Friques), Saint-Martin (FR), Saint-Martin (FR) (Besencens), Saint-Martin (FR) (Fiaugères), Sâles, Sâles (Maules), Sâles (Romanens), Sâles (Rueyres-Treyfayes), Schmitten (FR), Semsales, Semsales (La Rougève), Sévaz, Siviriez, Siviriez (Chavannes-les-Forts), Siviriez (Le Saulgy), Siviriez (Prez-vers-Siviriez), Siviriez (Villaraboud), Siviriez (Villaranon), Sorens, St. Silvester, St. Ursen, Surpierre, Surpierre (Chapelle (Broye)), Surpierre (Cheiry), Surpierre (Praratoud), Surpierre (Villeneuve (FR)), Tafers, Tafers (Alterswil), Tafers (St. Antoni), Tentlingen, Torny, Torny (Middes), Torny (Torny-le-Grand), Treyvaux, Ueberstorf, Ulmiz, Ursy, Ursy (Bionnens), Ursy (Esmonts), Ursy (Montet (Glâne)), Ursy (Morlens), Ursy (Mossel), Ursy (Vauderens), Ursy (Vuarmarens), Val-de-Charmey, Val-de-Charmey (Cerniat (FR)), Val-de-Charmey (Charmey), Vallon, Vaulruz, Villars-sur-Glâne, Villarsel-sur-Marly, Villaz, Villaz (Fuyens), Villaz (La Folliaz), Villaz (Lussy), Villaz (Macconnens), Villaz (Villarimboud), Villaz (Villaz-Saint-Pierre), Villorsonnens, Villorsonnens (Chavannes-sous-Orsonnens), Villorsonnens (Granges-la-Battiaz), Villorsonnens (Orsonnens), Villorsonnens (Villargiroud), Villorsonnens (Villarsiviriaux), Vuadens, Vuisternens-devant-Romont, Vuisternens-devant-Romont (Estévenens), Vuisternens-devant-Romont (La Joux), Vuisternens-devant-Romont (La Magne), Vuisternens-devant-Romont (La Neirigue), Vuisternens-devant-Romont (Les Ecasseys), Vuisternens-devant-Romont (Lieffrens), Vuisternens-devant-Romont (Sommentier), Vuisternens-devant-Romont (Villariaz), Wünnewil-Flamatt"
"arrondissement-de-l-etat-civil-campagne-et-rive-gauche-du-lac-vesenaz-ge";"Arrondissement de l'état civil Campagne et rive gauche du Lac";"arrondissement-de-l-etat-civil-campagne-et-rive-gauche-du-lac-vesenaz-ge";"GE";"Genf";"1222";"Vésenaz";"Chemin des Rayes 3";"Case postale 160";"";"+41 22 722 11 88";"etat-civil@collonge-bellerive.ch";"";"";"";"Anières, Choulex, Collonge-Bellerive, Cologny, Corsier, Gy, Hermance, Meinier, Vandoeuvres"
"arrondissement-de-l-etat-civil-chene-bourg-thonex-veyrier-chene-bourg-ge";"Arrondissement de l'état civil Chêne-Bourg-Thônex-Veyrier";"arrondissement-de-l-etat-civil-chene-bourg-thonex-veyrier-chene-bourg-ge";"GE";"Genf";"1225";"Chêne-Bourg";"Avenue du Petit-Senn 46";"Case postale 148";"";"+41 22 348 05 24";"etat-civil@chene-bourg.ch";"";"";"";"Chêne-Bourg, Thônex, Veyrier"
"arrondissement-de-l-etat-civil-de-bernex-bernex-ge";"Arrondissement de l'état civil de Bernex";"arrondissement-de-l-etat-civil-de-bernex-bernex-ge";"GE";"Genf";"1233";"Bernex";"rue de Bernex 313";"CP 371";"";"+41 22 850 92 39";"etat-civil@bernex.ch";"";"";"";"Aire-la-Ville, Avully, Avusy, Bernex, Cartigny, Chancy, Confignon, Laconnex, Onex, Soral"
"arrondissement-de-l-etat-civil-de-carouge-carouge-ge";"Arrondissement de l'état civil de Carouge";"arrondissement-de-l-etat-civil-de-carouge-carouge-ge";"GE";"Genf";"1227";"Carouge";"Place du Marché 14";"CP 1576";"";"";"etat-civil@carouge.ch";"";"";"";"Carouge, Troinex"
"arrondissement-de-l-etat-civil-de-chene-bougeries-voirons-chene-bougeries-ge";"Arrondissement de l'état civil de Chêne-Bougeries-Voirons";"arrondissement-de-l-etat-civil-de-chene-bougeries-voirons-chene-bougeries-ge";"GE";"Genf";"1224";"Chêne-Bougeries";"route du Vallon 4";"CP 160";"";"+41 22 869 17 51";"etat-civil@chene-bougeries.ch";"";"";"";"Chêne-Bougeries, Jussy, Presinge, Puplinge"
"arrondissement-de-l-etat-civil-de-geneve-geneve-6-ge";"Arrondissement de l'état civil de Genève";"arrondissement-de-l-etat-civil-de-geneve-geneve-6-ge";"GE";"Genf";"1211";"Genève 6";"rue de la Mairie 37";"CP 6327";"";"+41 22 418 66 51";"etat-civil@ville-ge.ch";"";"";"";"Genève"
"arrondissement-de-l-etat-civil-de-lancy-grand-lancy-1-ge";"Arrondissement de l'état civil de Lancy";"arrondissement-de-l-etat-civil-de-lancy-grand-lancy-1-ge";"GE";"Genf";"1212";"Grand-Lancy 1";"Route du Grand-Lancy 39A, Case postale 920";"";"";"";"etat-civil@lancy.ch";"";"";"";"Bardonnex, Lancy, Perly-Certoux, Plan-les-Ouates"
"arrondissement-de-l-etat-civil-meyrin-mandement-vernier-meyrin-ge";"Arrondissement de l'état civil Meyrin - Mandement - Vernier";"arrondissement-de-l-etat-civil-meyrin-mandement-vernier-meyrin-ge";"GE";"Genf";"1217";"Meyrin";"rue des Boudines 2, CP 367";"";"";"+41 22 782 30 94";"etat-civil@meyrin.ch";"";"";"";"Dardagny, Meyrin, Russin, Satigny, Vernier"
"arrondissement-de-l-etat-civil-rive-droite-du-lac-chambesy-ge";"Arrondissement de l'état civil Rive droite du lac";"arrondissement-de-l-etat-civil-rive-droite-du-lac-chambesy-ge";"GE";"Genf";"1292";"Chambésy";"Route de Pregny 47";"";"";"+41 22 758 03 22";"etatcivil@pregny-chambesy.ch";"";"";"";"Bellevue, Céligny, Collex-Bossy, Genthod, Le Grand-Saconnex, Pregny-Chambésy, Versoix"
"zivilstandskreis-glarus-glarus-gl";"Zivilstandskreis Glarus";"zivilstandskreis-glarus-glarus-gl";"GL";"Glarus";"8750";"Glarus";"Postgasse 29";"";"";"";"zivilstandsamt@gl.ch";"";"";"";"Glarus, Glarus Nord, Glarus Süd"
"ufficio-di-stato-civile-bernina-poschiavo-gr";"Ufficio di stato civile Bernina";"ufficio-di-stato-civile-bernina-poschiavo-gr";"GR";"Graubuenden";"7742";"Poschiavo";"Via da Clalt 2";"";"";"";"statocivile@regione-bernina.ch";"";"";"";"Brusio, Poschiavo"
"ufficio-di-stato-civile-moesa-santa-maria-in-calanca-gr";"Ufficio di stato civile Moesa";"ufficio-di-stato-civile-moesa-santa-maria-in-calanca-gr";"GR";"Graubuenden";"6541";"Santa Maria in Calanca";"A la Gescia 22";"";"";"+41 91 827 24 12";"usc@regionemoesa.ch";"";"";"";"Buseno, Calanca, Calanca (Arvigo), Calanca (Braggio), Calanca (Cauco), Calanca (Landarenca), Calanca (Selma), Cama, Castaneda, Grono, Grono (Leggia), Grono (Verdabbio), Lostallo, Mesocco, Rossa, Rossa (Augio), Rossa (Sta. Domenica), Roveredo, San Vittore, Santa Maria in Calanca, Soazza"
"zivilstandsamt-albula-tiefencastel-gr";"Zivilstandsamt Albula";"zivilstandsamt-albula-tiefencastel-gr";"GR";"Graubuenden";"7450";"Tiefencastel";"Stradung 26";"";"";"";"za@region-albula.ch";"";"";"";"Albula/Alvra, Albula/Alvra (Alvaneu), Albula/Alvra (Alvaschein), Albula/Alvra (Brienz/Brinzauls), Albula/Alvra (Mon), Albula/Alvra (Stierva), Albula/Alvra (Surava), Albula/Alvra (Tiefencastel), Bergün Filisur, Bergün Filisur (Bergün/Bravuogn), Bergün Filisur (Filisur), Bergün Filisur (Latsch), Bergün Filisur (Stugl/Stuls), Lantsch/Lenz, Schmitten (GR), Surses, Surses (Bivio), Surses (Cunter), Surses (Marmorera), Surses (Mulegns), Surses (Parsonz), Surses (Riom-Parsonz), Surses (Riom), Surses (Rona), Surses (Salouf), Surses (Savognin), Surses (Sur), Surses (Tinizong-Rona), Surses (Tinizong), Vaz/Obervaz"
"zivilstandsamt-en-scuol-gr";"Zivilstandsamt En";"zivilstandsamt-en-scuol-gr";"GR";"Graubuenden";"7550";"Scuol";"Chasa du Parc";"";"";"+41 81 861 00 38";"stadicivil@ebvm.ch";"";"";"";"Samnaun, Scuol, Scuol (Ardez), Scuol (Ftan), Scuol (Guarda), Scuol (Sent), Scuol (Tarasp), Val Müstair, Val Müstair (Fuldera), Val Müstair (Lü), Val Müstair (Müstair), Val Müstair (Sta. Maria), Val Müstair (Tschierv), Val Müstair (Valchava), Valsot, Valsot (Ramosch), Valsot (Tschlin), Zernez, Zernez (Lavin), Zernez (Susch)"
"zivilstandsamt-imboden-domat-ems-gr";"Zivilstandsamt Imboden";"zivilstandsamt-imboden-domat-ems-gr";"GR";"Graubuenden";"7013";"Domat/Ems";"Plaz 7";"";"";"+41 81 254 58 74";"info.za@regionimboden.ch";"";"";"";"Bonaduz, Domat/Ems, Felsberg, Flims, Rhäzüns, Tamins, Trin"
"zivilstandsamt-landquart-landquart-gr";"Zivilstandsamt Landquart";"zivilstandsamt-landquart-landquart-gr";"GR";"Graubuenden";"7302";"Landquart";"Bahnhofplatz 2a";"";"";"+41 81 307 25 50";"za@landquart.ch";"";"";"";"Fläsch, Jenins, Landquart, Landquart (Igis), Landquart (Mastrils), Maienfeld, Malans, Trimmis, Trimmis (Says), Untervaz, Zizers"
"zivilstandsamt-maloja-st-moritz-gr";"Zivilstandsamt Maloja";"zivilstandsamt-maloja-st-moritz-gr";"GR";"Graubuenden";"7500";"St. Moritz";"Via Maistra 12";"";"";"+41 81 836 30 82";"za@regio-maloja.ch";"";"";"";"Bever, Bregaglia, Bregaglia (Bondo), Bregaglia (Casaccia), Bregaglia (Castasegna), Bregaglia (Soglio), Bregaglia (Stampa), Bregaglia (Vicosoprano), Celerina/Schlarigna, La Punt Chamues-ch, Madulain, Pontresina, S-chanf, Samedan, Sils im Engadin/Segl, Silvaplana, St. Moritz, Zuoz"
"zivilstandsamt-plessur-chur-gr";"Zivilstandsamt Plessur";"zivilstandsamt-plessur-chur-gr";"GR";"Graubuenden";"7001";"Chur";"Klostergasse 11, Postfach 850";"";"";"+41 81 254 58 72";"za@chur.ch";"";"";"";"Arosa, Arosa (Calfreisen), Arosa (Castiel), Arosa (Langwies), Arosa (Lüen), Arosa (Molinis), Arosa (Pagig), Arosa (Peist), Arosa (St. Peter-Pagig), Arosa (St. Peter), Chur, Chur (Haldenstein), Chur (Maladers), Chur (Praden), Chur (Tschiertschen-Praden), Chur (Tschiertschen), Churwalden, Churwalden (Malix), Churwalden (Parpan)"
"zivilstandsamt-prattigau-davos-davos-platz-gr";"Zivilstandsamt Prättigau/Davos";"zivilstandsamt-prattigau-davos-davos-platz-gr";"GR";"Graubuenden";"7270";"Davos Platz";"Berglistutz 8";"Postfach 45";"";"";"zapd@praettigau-davos.ch";"";"";"";"Conters im Prättigau, Davos, Davos (Wiesen), Fideris, Furna, Grüsch, Grüsch (Fanas), Grüsch (Valzeina), Jenaz, Klosters, Klosters (Saas), Küblis, Luzein, Luzein (St. Antönien-Ascharina), Luzein (St. Antönien-Castels), Luzein (St. Antönien-Rüti), Luzein (St. Antönien), Schiers, Seewis im Prättigau"
"zivilstandsamt-surselva-ilanz-gr";"Zivilstandsamt Surselva";"zivilstandsamt-surselva-ilanz-gr";"GR";"Graubuenden";"7130";"Ilanz";"Glennerstrasse 22 a";"Postfach 84";"";"+41 81 926 25 37";"zivilstandsamt@surselva.ch";"";"";"";"Breil/Brigels, Breil/Brigels (Andiast), Breil/Brigels (Waltensburg/Vuorz), Disentis/Mustér, Falera, Ilanz/Glion, Ilanz/Glion (Castrisch), Ilanz/Glion (Duvin), Ilanz/Glion (Ilanz), Ilanz/Glion (Ladir), Ilanz/Glion (Luven), Ilanz/Glion (Pigniu), Ilanz/Glion (Pitasch), Ilanz/Glion (Riein), Ilanz/Glion (Rueun), Ilanz/Glion (Ruschein), Ilanz/Glion (Schnaus), Ilanz/Glion (Sevgein), Ilanz/Glion (Siat), Ilanz/Glion (Strada), Laax, Lumnezia, Lumnezia (Camuns), Lumnezia (Cumbel), Lumnezia (Degen), Lumnezia (Lumbrein), Lumnezia (Morissen), Lumnezia (Peiden), Lumnezia (Suraua), Lumnezia (Surcasti), Lumnezia (Tersnaus), Lumnezia (Uors-Peiden), Lumnezia (Uors), Lumnezia (Vella), Lumnezia (Vignogn), Lumnezia (Vrin), Medel (Lucmagn), Obersaxen Mundaun, Obersaxen Mundaun (Flond), Obersaxen Mundaun (Mundaun), Obersaxen Mundaun (Obersaxen), Obersaxen Mundaun (Surcuolm), Safiental, Safiental (Safien), Safiental (Tenna), Safiental (Valendas), Safiental (Versam), Sagogn, Schluein, Sumvitg, Trun, Trun (Schlans), Tujetsch, Vals, Vals (St. Martin)"
"zivilstandsamt-viamala-thusis-gr";"Zivilstandsamt Viamala";"zivilstandsamt-viamala-thusis-gr";"GR";"Graubuenden";"7430";"Thusis";"Rathaus";"Postfach 180";"";"";"info@za-viamala.ch";"";"";"";"Andeer, Andeer (Clugin), Andeer (Pignia), Avers, Cazis, Cazis (Portein), Cazis (Präz), Cazis (Sarn), Cazis (Tartar), Domleschg, Domleschg (Almens), Domleschg (Feldis/Veulden), Domleschg (Paspels), Domleschg (Pratval), Domleschg (Rodels), Domleschg (Scheid), Domleschg (Tomils), Domleschg (Trans), Domleschg (Tumegl/Tomils), Ferrera, Ferrera (Ausserferrera), Ferrera (Innerferrera), Flerden, Fürstenau, Masein, Muntogna da Schons, Muntogna da Schons (Casti-Wergenstein), Muntogna da Schons (Casti), Muntogna da Schons (Donat), Muntogna da Schons (Donath), Muntogna da Schons (Lohn), Muntogna da Schons (Mathon), Muntogna da Schons (Patzen-Fardün), Muntogna da Schons (Wergenstein), Rheinwald, Rheinwald (Hinterrhein), Rheinwald (Medels i. Rh.), Rheinwald (Nufenen), Rheinwald (Splügen), Rongellen, Rothenbrunnen, Scharans, Sils im Domleschg, Splügen (Medels i. Rh.), Sufers, Thusis, Thusis (Mutten), Tschappina, Urmein, Zillis-Reischen"
"office-de-l-etat-civil-du-jura-delemont-ju";"Office de l'état civil du Jura";"office-de-l-etat-civil-du-jura-delemont-ju";"JU";"Jura";"2800";"Delémont";"3, rue du 24-Septembre";"";"";"+41 32 420 54 51";"secr.oej@jura.ch";"";"";"";"Alle, Asuel (La Baroche), Basse-Allaine, Basse-Vendline, Bassecourt (Haute-Sorne), Beurnevésin (Basse-Vendline), Boécourt, Boécourt-Séprais, Boncourt, Bonfol (Basse-Vendline), Bourrignon, Bressaucourt (Fontenais), Buix (Basse-Allaine), Bure, Charmoille (La Baroche), Châtillon (JU), Chevenez (Haute-Ajoie), Clos du Doubs, Coeuve, Corban (Val Terbi), Cornol, Courchapoix, Courchavon, Courfaivre (Haute-Sorne), Courgenay, Courrendlin, Courroux, Courtedoux, Courtemaîche (Basse-Allaine), Courtételle, Damphreux (Damphreux-Lugnez), Damphreux-Lugnez, Damvant (Haute-Ajoie), Delémont, Develier, Ederswiler, Epauvillers (Clos du Doubs), Epiquerez (Clos du Doubs), Fahy, Fontenais, Fregiécourt (La Baroche), Glovelier (Haute-Sorne), Goumois (Saignelégier), Grandfontaine, Haute-Ajoie, Haute-Sorne, La Baroche, La Chaux-des-Breuleux (Les Breuleux), Lajoux, Le Bémont, Le Noirmont, Le Peuchapatte (Muriaux), Les Bois, Les Breuleux, Les Breuleux (Les Breuleux), Les Enfers, Les Genevez, Les Pommerats (Saignelégier), Lugnez (Damphreux-Lugnez), Mervelier, Mettembert, Miécourt (La Baroche), Montavon, Montenol (Clos du Doubs), Montfaucon, Montfavergier (Montfaucon), Montignez (Basse-Allaine), Montmelon (Clos du Doubs), Montsevelier (Val Terbi), Movelier, Muriaux, Ocourt (Clos du Doubs), Pleigne, Pleujouse (La Baroche), Porrentruy, Rebeuvelier (Courrendlin), Réclère (Haute-Ajoie), Riedes-Dessus, Roche-d'Or (Haute-Ajoie), Rocourt (Haute-Ajoie), Rossemaison, Saignelégier, Saint-Brais, Saint-Ursanne (Clos du Doubs), Saulcy, Sceut, Seleute (Clos du Doubs), Soubey, Soulce (Haute-Sorne), Soyhières, Undervelier (Haute-Sorne), Val Terbi, Vellerat (Courrendlin), Vendlincourt, Vermes (Val Terbi), Vicques (Val Terbi)"
"zivilstandskreis-amt-willisau-willisau-lu";"Zivilstandskreis Amt Willisau";"zivilstandskreis-amt-willisau-willisau-lu";"LU";"Luzern";"6130";"Willisau";"Schlossstrasse 5";"Postfach";"";"+41 41 972 71 90";"zivilstandsamt@willisau.ch";"";"";"";"Alberswil, Altbüron, Altishofen, Dagmersellen, Egolzwil, Ettiswil, Fischbach, Grossdietwil, Hergiswil bei Willisau, Luthern, Menznau, Nebikon, Pfaffnau, Reiden, Roggliswil, Schötz, Ufhusen, Wauwil, Wikon, Willisau, Zell (LU)"
"zivilstandskreis-ebikon-ebikon-lu";"Zivilstandskreis Ebikon";"zivilstandskreis-ebikon-ebikon-lu";"LU";"Luzern";"6031";"Ebikon";"Riedmattstrasse 14";"";"";"+41 41 444 02 03";"zivilstandsamt@ebikon.ch";"";"";"";"Adligenswil, Buchrain, Dierikon, Ebikon, Gisikon, Meierskappel, Root, Udligenswil"
"zivilstandskreis-emmen-emmenbrucke-lu";"Zivilstandskreis Emmen";"zivilstandskreis-emmen-emmenbrucke-lu";"LU";"Luzern";"6020";"Emmenbrücke";"Rüeggisingerstrasse 22";"";"";"";"zivilstandsamt@emmen.ch";"";"";"";"Emmen, Rain, Rothenburg"
"zivilstandskreis-hochdorf-hochdorf-lu";"Zivilstandskreis Hochdorf";"zivilstandskreis-hochdorf-hochdorf-lu";"LU";"Luzern";"6280";"Hochdorf";"Hauptstrasse 3";"";"";"";"zivilstandsamt@hochdorf.ch";"";"";"";"Aesch (LU), Ballwil, Ermensee, Eschenbach (LU), Hitzkirch, Hochdorf, Hohenrain, Inwil, Römerswil, Schongau"
"zivilstandskreis-horw-horw-lu";"Zivilstandskreis Horw";"zivilstandskreis-horw-horw-lu";"LU";"Luzern";"6048";"Horw";"Gemeindehausplatz 1";"";"";"+41 41 349 14 81";"andreas.meier@horw.ch";"";"";"";"Horw"
"zivilstandskreis-kriens-kriens-lu";"Zivilstandskreis Kriens";"zivilstandskreis-kriens-kriens-lu";"LU";"Luzern";"6011";"Kriens";"Stadtplatz 1";"Postfach 1247";"";"+41 41 329 63 06";"zivilstandsamt@kriens.ch";"";"";"";"Kriens"
"zivilstandskreis-luzern-luzern-lu";"Zivilstandskreis Luzern";"zivilstandskreis-luzern-luzern-lu";"LU";"Luzern";"6002";"Luzern";"Stadt Luzern, Obergrundstrasse 1";"";"";"";"zivilstandsamt@stadtluzern.ch";"";"";"";"Greppen, Luzern, Malters, Meggen, Schwarzenberg, Vitznau, Weggis"
"zivilstandskreis-oberer-sempachersee-sempach-lu";"Zivilstandskreis Oberer Sempachersee";"zivilstandskreis-oberer-sempachersee-sempach-lu";"LU";"Luzern";"6204";"Sempach";"Stadtstrasse 8";"";"";"+41 41 462 52 11";"zivilstandsamt@sempach.ch";"";"";"";"Eich, Hildisrieden, Neuenkirch, Sempach"
"zivilstandskreis-sursee-sursee-lu";"Zivilstandskreis Sursee";"zivilstandskreis-sursee-sursee-lu";"LU";"Luzern";"6210";"Sursee";"Centralstrasse 9";"";"";"";"zivilstandsamt@stadtsursee.ch";"";"";"";"Beromünster, Büron, Buttisholz, Geuensee, Grosswangen, Knutwil, Mauensee, Nottwil, Oberkirch, Rickenbach (LU), Schenkon, Schlierbach, Sursee, Triengen"
"zivilstandskreis-wolhusen-wolhusen-lu";"Zivilstandskreis Wolhusen";"zivilstandskreis-wolhusen-wolhusen-lu";"LU";"Luzern";"6110";"Wolhusen";"Menznauerstrasse 13";"Postfach 165";"";"+41 41 492 66 70";"zivilstandsamt@wolhusen.ch";"";"";"";"Doppleschwand, Entlebuch, Escholzmatt-Marbach, Flühli, Hasle, Romoos, Ruswil, Schüpfheim, Werthenstein, Wolhusen"
"etat-civil-des-montagnes-neuchateloises-le-locle-ne";"Etat civil des Montagnes neuchâteloises";"etat-civil-des-montagnes-neuchateloises-le-locle-ne";"NE";"Neuenburg";"2400";"Le Locle";"Hôtel de Ville";"";"";"+41 32 933 84 69";"ecmn@ne.ch";"";"";"";"Brot-Plamboz, La Brévine, La Chaux-de-Fonds, La Chaux-du-Milieu, La Sagne, Le Cerneux-Péquignot, Le Locle, Les Brenets (Le Locle), Les Planchettes, Les Ponts-de-Martel"
"office-de-l-etat-civil-boudry-ne";"Office de l'état civil";"office-de-l-etat-civil-boudry-ne";"NE";"Neuenburg";"2017";"Boudry";"Rue Louis-Favre 37";"";"";"+41 32 886 47 44";"Etat-Civil.Boudry@ne.ch";"";"";"";"Auvernier (Milvignes), Bevaix (La Grande Béroche), Bôle (Milvignes), Boudry, Brot-Dessous (Rochefort), Colombier (Milvignes), Cortaillod, Fresens (La Grande Béroche), Gorgier (La Grande Béroche), La Grande Béroche, Milvignes, Montalchez (La Grande Béroche), Rochefort, Saint-Aubin-Sauges (La Grande Béroche), Vaumarcus (La Grande Béroche)"
"office-de-l-etat-civil-de-l-arrondissement-de-neuchatel-neuchatel-ne";"office de l'état civil de l'arrondissement de Neuchâtel";"office-de-l-etat-civil-de-l-arrondissement-de-neuchatel-neuchatel-ne";"NE";"Neuenburg";"2000";"Neuchâtel";"Rue de l'Hôtel-de-Ville 1";"";"";"";"ec.vdn@ne.ch";"";"";"";"Corcelles-Cormondrèche (Neuchâtel), Cornaux, Cressier (NE), Enges (Laténa), Hauterive (Laténa), La Tène (Laténa), Laténa, Le Landeron, Lignières, Marin-Epagnier (Laténa), Neuchâtel, Peseux (Neuchâtel), Saint-Blaise (Laténa), Thielle-Wavre (Laténa), Valangin (Neuchâtel)"
"office-de-l-etat-civil-du-val-de-ruz-cernier-ne";"Office de l'état civil du Val-de-Ruz";"office-de-l-etat-civil-du-val-de-ruz-cernier-ne";"NE";"Neuenburg";"2053";"Cernier";"Rue de l'Epervier 6";"";"";"+41 32 886 56 37";"Etat-Civil.Val-de-Ruz@ne.ch";"";"";"";"Boudevilliers (Val-de-Ruz), Cernier (Val-de-Ruz), Chézard-Saint-Martin (Val-de-Ruz), Coffrane (Val-de-Ruz), Dombresson (Val-de-Ruz), Engollon (Val-de-Ruz), Fenin-Vilars-Saules (Val-de-Ruz), Fontainemelon (Val-de-Ruz), Fontaines (Val-de-Ruz), Le Pâquier (Val-de-Ruz), Les Geneveys-sur-Coffrane (Val-de-Ruz), Les Hauts-Geneveys (Val-de-Ruz), Montmollin (Val-de-Ruz), Savagnier (Val-de-Ruz), Val-de-Ruz, Villiers (Val-de-Ruz)"
"office-de-l-etat-civil-du-val-de-travers-les-verrieres-ne";"Office de l'état civil du Val-de-Travers";"office-de-l-etat-civil-du-val-de-travers-les-verrieres-ne";"NE";"Neuenburg";"2126";"Les Verrières";"Grand-Bourgeau 61";"";"";"";"etat-civil.vdt@ne.ch";"";"";"";"Boveresse (Val-de-Travers), Buttes (Val-de-Travers), Couvet (Val-de-Travers), Fleurier (Val-de-Travers), La Côte-aux-Fées, Les Bayards (Val-de-Travers), Les Verrières, Môtiers (Val-de-Travers), Noiraigue (Val-de-Travers), Saint-Sulpice (Val-de-Travers), Travers (Val-de-Travers), Val-de-Travers"
"zivilstandsamt-nidwalden-stans-nw";"Zivilstandsamt Nidwalden";"zivilstandsamt-nidwalden-stans-nw";"NW";"Nidwalden";"6371";"Stans";"Marktgasse 3";"Postfach 1244";"";"041 618 72 54";"zivilstandsamt@nw.ch";"";"";"";"Beckenried, Buochs, Dallenwil, Emmetten, Ennetbürgen, Ennetmoos, Hergiswil, Oberdorf (NW), Stans, Stansstad, Wolfenschiessen"
"zivilstandsamt-obwalden-sarnen-ow";"Zivilstandsamt Obwalden";"zivilstandsamt-obwalden-sarnen-ow";"OW";"Obwalden";"6060";"Sarnen";"Brünigstrasse 180a";"";"";"";"zivilstandsamt@sarnen.ch";"";"";"";"Alpnach, Engelberg, Giswil, Kerns, Lungern, Sachseln, Sarnen"
"regionales-zivilstandsamt-rheintal-altstatten-sg-sg";"Regionales Zivilstandsamt Rheintal";"regionales-zivilstandsamt-rheintal-altstatten-sg-sg";"SG";"St. Gallen";"9450";"Altstätten SG";"Rathausplatz";"";"";"+41 71 757 77 39";"zivilstandsamt@altstaetten.ch";"";"";"";"Altstätten, Au, Balgach, Berneck, Diepoldsau, Diepoldsau-Schmitter, Eichberg, Marbach, Oberriet, Oberriet-Eichenwies, Oberriet-Holzrhode, Oberriet-Kriessern, Oberriet-Montlingen, Rebstein, Rüthi, Widnau"
"regionales-zivilstandsamt-st-gallen-st-gallen-sg";"Regionales Zivilstandsamt St.Gallen";"regionales-zivilstandsamt-st-gallen-st-gallen-sg";"SG";"St. Gallen";"9001";"St. Gallen";"";"";"";"+41 71 224 57 07";"za@stadt.sg.ch";"";"";"";"Degersheim, Degersheim-Dorf, Eggersriet, Eggersriet-Grub, Häggenschwil, Muolen, St. Gallen, St. Gallen-Tablat, Wittenbach"
"zivilstandsamt-gossau-gossau-sg";"Zivilstandsamt Gossau";"zivilstandsamt-gossau-gossau-sg";"SG";"St. Gallen";"9201";"Gossau";"";"";"";"+41 43 556 88 04";"zivilstandsamt@stadtgossau.ch";"";"";"";"Andwil, Gaiserwald, Gossau (SG), Niederbüren, Waldkirch, Waldkirch-Bernhardzell"
"zivilstandsamt-rapperswil-jona-jona-sg";"Zivilstandsamt Rapperswil-Jona";"zivilstandsamt-rapperswil-jona-jona-sg";"SG";"St. Gallen";"8645";"Jona";"St. Gallerstrasse 40";"Postfach 2160";"";"+41 55 225 72 41";"zivilstandsamt@rj.sg.ch";"";"";"";"Eschenbach (SG), Rapperswil-Jona"
"zivilstandsamt-rorschach-rorschach-sg";"Zivilstandsamt Rorschach";"zivilstandsamt-rorschach-rorschach-sg";"SG";"St. Gallen";"9400";"Rorschach";"Rathaus, Hauptstrasse 29";"";"";"+41 71 844 21 78";"zivilstandsamt@rorschach.ch";"";"";"";"Berg (SG), Goldach, Mörschwil, Rheineck, Rorschach, Rorschacherberg, St. Margrethen, Steinach, Thal, Thal-Altenrhein, Tübach, Untereggen"
"zivilstandsamt-sarganserland-wangs-sg";"Zivilstandsamt Sarganserland";"zivilstandsamt-sarganserland-wangs-sg";"SG";"St. Gallen";"7323";"Wangs";"Rathaus";"Dorfstrasse 34";"";"";"zivilstandsamt.sarganserland@vilters-wangs.ch";"";"";"";"Bad Ragaz, Flums, Flums-Dorf, Flums-Grossberg, Flums-Kleinberg, Mels, Mels-Weisstannen, Pfäfers, Pfäfers-Vättis, Pfäfers, Valens-Vasön, Quarten, Quarten-Mols, Quarten-Murg, Quarten-Oberterzen, Quarten-Quinten, Sargans, Vilters-Wangs, Vilters-Wangs, Vilters, Vilters-Wangs, Wangs, Walenstadt, Walenstadt-Berschis, Walenstadt-Tscherlach, Walenstadt-Walenstadtberg"
"zivilstandsamt-toggenburg-wattwil-sg";"Zivilstandsamt Toggenburg";"zivilstandsamt-toggenburg-wattwil-sg";"SG";"St. Gallen";"9630";"Wattwil";"Grüenaustrasse 7";"";"";"";"zivilstandsamt@wattwil.ch";"";"";"";"Bütschwil-Ganterschwil, Bütschwil-Ganterschwil, Bütschwil, Bütschwil-Ganterschwil, Ganterschwil, Ebnat-Kappel, Ebnat-Kappel, Kappel, Lichtensteig, Lütisburg, Mosnang, Neckertal, Neckertal-Brunnadern, Neckertal-St. Peterzell, Nesslau, Nesslau-Ennetbühl, Nesslau-Krummenau, Nesslau-Stein, Wattwil, Wildhaus-Alt St. Johann, Wildhaus-Alt St. Johann, Alt St. Johann, Wildhaus-Alt St. Johann, Wildhaus"
"zivilstandsamt-uznach-uznach-sg";"Zivilstandsamt Uznach";"zivilstandsamt-uznach-uznach-sg";"SG";"St. Gallen";"8730";"Uznach";"Obergasse 24";"";"";"+41 55 280 23 11";"zivilstandsamt@uznach.ch";"";"";"";"Amden, Benken (SG), Gommiswald, Gommiswald-Dorf, Gommiswald-Rieden, Kaltbrunn, Schänis, Schänis-Dorf, Schänis-Maseltrangen, Schänis-Rufi, Schänis-Rüttiberg, Schmerikon, Uznach, Weesen"
"zivilstandsamt-uzwil-uzwil-sg";"Zivilstandsamt Uzwil";"zivilstandsamt-uzwil-uzwil-sg";"SG";"St. Gallen";"9240";"Uzwil";"Stickereiplatz 1";"";"";"";"zivilstandsamt@uzwil.ch";"";"";"";"Flawil, Jonschwil, Oberbüren, Oberuzwil, Uzwil"
"zivilstandsamt-werdenberg-buchs-sg-1-sg";"Zivilstandsamt Werdenberg";"zivilstandsamt-werdenberg-buchs-sg-1-sg";"SG";"St. Gallen";"9471";"Buchs SG 1";"St.Gallerstrasse 2";"";"";"+41 81 755 75 31";"zivilstandsamt@buchs-sg.ch";"";"";"";"Buchs (SG), Gams, Grabs, Sennwald, Sennwald-Frümsen, Sennwald-Haag, Sennwald-Salez, Sennwald-Sax, Sevelen, Wartau"
"zivilstandsamt-wil-wil-sg";"Zivilstandsamt Wil";"zivilstandsamt-wil-wil-sg";"SG";"St. Gallen";"9500";"Wil";"Rathaus, Marktgasse 58";"";"";"";"zivilstandsamt@stadtwil.ch";"";"";"";"Kirchberg (SG), Niederhelfenschwil, Wil (SG), Zuzwil (SG)"
"zivilstandsamt-schaffhausen-schaffhausen-sh";"Zivilstandsamt Schaffhausen";"zivilstandsamt-schaffhausen-schaffhausen-sh";"SH";"Schaffhausen";"8200";"Schaffhausen";"Safrangasse 8";"";"";"+41 52 632 52 95";"za@stsh.ch";"";"";"";"Bargen (SH), Beggingen, Beringen, Buch, Buchberg, Büttenhardt, Dörflingen, Gächlingen, Hallau, Hemishofen, Lohn (SH), Löhningen, Merishausen, Neuhausen am Rheinfall, Neunkirch, Oberhallau, Ramsen, Rüdlingen, Schaffhausen, Schleitheim, Siblingen, Stein am Rhein, Stetten (SH), Thayngen, Trasadingen, Wilchingen"
"zivilstandsamt-kreis-dorneck-thierstein-dornach-so";"Zivilstandsamt Kreis Dorneck-Thierstein";"zivilstandsamt-kreis-dorneck-thierstein-dornach-so";"SO";"Solothurn";"4143";"Dornach";"Amthausstrasse 7";"";"";"";"za.dt@vd.so.ch";"";"";"";"Bärschwil, Bättwil, Beinwil, Breitenbach, Büren, Büsserach, Dornach, Erschwil, Fehren, Gempen, Grindel, Himmelried, Hochwald, Hofstetten-Flüh, Kleinlützel, Meltingen, Metzerlen-Mariastein, Nuglar-St. Pantaleon, Nunningen, Rodersdorf, Seewen, Witterswil, Zullwil"
"zivilstandsamt-kreis-olten-gosgen-olten-so";"Zivilstandsamt Kreis Olten-Gösgen";"zivilstandsamt-kreis-olten-gosgen-olten-so";"SO";"Solothurn";"4603";"Olten";"Hauptgasse 25";"";"";"";"za.og@vd.so.ch";"";"";"";"Boningen, Däniken, Dulliken, Eppenberg-Wöschnau, Erlinsbach (SO), Fulenbach, Gretzenbach, Gunzgen, Hägendorf, Hauenstein-Ifenthal, Kappel, Kienberg, Lostorf, Niedergösgen, Obererlinsbach, Obergösgen, Olten, Rickenbach (SO), Schönenwerd, Starrkirch-Wil, Stüsslingen, Trimbach, Walterswil (SO), Wangen bei Olten, Winznau, Wisen"
"zivilstandsamt-kreis-thal-gau-klus-balsthal-so";"Zivilstandsamt Kreis Thal-Gäu";"zivilstandsamt-kreis-thal-gau-klus-balsthal-so";"SO";"Solothurn";"4710";"Klus-Balsthal";"Schmelzihof, Wengimattstrasse 2";"";"";"";"za.tg@vd.so.ch";"";"";"";"Aedermannsdorf, Balsthal, Egerkingen, Härkingen, Herbetswil, Holderbank (SO), Kestenholz, Laupersdorf, Matzendorf, Mümliswil-Ramiswil, Neuendorf, Niederbuchsiten, Oberbuchsiten, Oensingen, Welschenrohr, Welschenrohr-Gänsbrunnen, Wolfwil"
"zivilstandsamt-solothurn-solothurn-so";"Zivilstandsamt Solothurn";"zivilstandsamt-solothurn-solothurn-so";"SO";"Solothurn";"4502";"Solothurn";"Patriotenweg 9";"Postfach 157";"";"";"za.so@vd.so.ch";"";"";"";"Aeschi, Aetigkofen, Aetingen, Alt Messen, Ammannsegg, Balm bei Günsberg, Balm bei Messen, Bellach, Bettlach, Biberist, Bibern, Biezwil, Bolken, Brügglen, Brunnenthal, Buchegg, Deitingen, Derendingen, Drei Höfe, Etziken, Feldbrunnen-St. Niklaus, Flumenthal, Gerlafingen, Gossliwil, Grenchen, Günsberg, Halten, Hessigkofen, Horriwil, Hubersdorf, Hüniken, Kammersrohr, Kriegstetten, Küttigkofen, Langendorf, Lohn (SO), Lohn-Ammannsegg, Lommiswil, Lüsslingen, Lüsslingen-Nennigkofen, Luterbach, Lüterkofen-Ichertswil, Lüterswil-Gächliwil, Messen, Mühledorf, Nennigkofen, Niederwil (SO), Oberdorf (SO), Obergerlafingen, Oekingen, Recherswil, Riedholz, Rüttenen, Schnottwil, Selzach, Solothurn, Subingen, Tscheppach, Unterramsern, Winistorf, Zuchwil"
"zivilstandsamt-ausserschwyz-pfaffikon-sz";"Zivilstandsamt Ausserschwyz";"zivilstandsamt-ausserschwyz-pfaffikon-sz";"SZ";"Schwyz";"8808";"Pfäffikon";"Unterdorfstrasse 9";"Postfach 140";"";"";"zivilstandsamt@freienbach.ch";"";"";"";"Altendorf, Einsiedeln, Feusisberg, Freienbach, Galgenen, Innerthal, Lachen, Reichenburg, Schübelbach, Tuggen, Vorderthal, Wangen, Wollerau"
"zivilstandsamt-innerschwyz-schwyz-sz";"Zivilstandsamt Innerschwyz";"zivilstandsamt-innerschwyz-schwyz-sz";"SZ";"Schwyz";"6431";"Schwyz";"Herrengasse 17";"Postfach 253";"";"+41 41 819 07 06";"zivilstandsamt@gemeindeschwyz.ch";"";"";"";"Alpthal, Arth, Gersau, Illgau, Ingenbohl, Küssnacht, Lauerz, Morschach, Muotathal, Oberiberg, Riemenstalden, Rothenthurm, Sattel, Schwyz, Steinen, Steinerberg, Unteriberg"
"zivilstandsamt-thurgau-ost-amriswil-tg";"Zivilstandsamt Thurgau Ost";"zivilstandsamt-thurgau-ost-amriswil-tg";"TG";"Thurgau";"8580";"Amriswil";"Zielweg 1";"";"";"";"zivilstandsamt.ost@tg.ch";"";"";"";"Affeltrangen, Altnau, Amlikon-Bissegg, Amriswil, Arbon, Berg (TG), Birwinken, Bischofszell, Bottighofen, Bürglen (TG), Bussnang, Dozwil, Egnach, Erlen, Ermatingen, Gottlieben, Güttingen, Hauptwil-Gottshaus, Hefenhofen, Hohentannen, Horn, Kemmental, Kesswil, Kradolf-Schönenberg, Kreuzlingen, Langrickenbach, Lengwil, Märstetten, Münsterlingen, Raperswilen, Roggwil (TG), Romanshorn, Salenstein, Salmsach, Schönholzerswilen, Sommeri, Sulgen, Tägerwilen, Uttwil, Wäldi, Weinfelden, Wigoltingen, Wuppenau, Zihlschlacht-Sitterdorf"
"zivilstandsamt-thurgau-west-frauenfeld-tg";"Zivilstandsamt Thurgau West";"zivilstandsamt-thurgau-west-frauenfeld-tg";"TG";"Thurgau";"8510";"Frauenfeld";"Bankplatz 1";"";"";"";"zivilstandsamt.west@tg.ch";"";"";"";"Aadorf, Basadingen-Schlattingen, Berlingen, Bettwiesen, Bichelsee-Balterswil, Braunau, Diessenhofen, Eschenz, Eschlikon, Felben-Wellhausen, Fischingen, Frauenfeld, Gachnang, Herdern, Homburg, Hüttlingen, Hüttwilen, Lommis, Mammern, Matzingen, Müllheim, Münchwilen (TG), Neunforn, Pfyn, Rickenbach (TG), Schlatt (TG), Sirnach, Steckborn, Stettfurt, Thundorf, Tobel-Tägerschen, Uesslingen-Buch, Wagenhausen, Wängi, Warth-Weiningen, Wilen"
"servizio-circondariale-dello-stato-civile-di-bellinzona-bellinzona-ti";"Servizio circondariale dello stato civile di Bellinzona";"servizio-circondariale-dello-stato-civile-di-bellinzona-bellinzona-ti";"TI";"Tessin";"6500";"Bellinzona";"Via Lugano 4";"";"";"";"di-scsc.bellinzona@ti.ch";"";"";"";"Acquarossa, Airolo, Arbedo-Castione, Bedretto, Bellinzona, Biasca, Blenio, Cadenazzo, Dalpe, Faido, Giornico, Isone, Lumino, Personico, Pollegio, Quinto, Riviera, Sant'Antonino, Serravalle"
"servizio-circondariale-dello-stato-civile-di-locarno-locarno-ti";"Servizio circondariale dello stato civile di Locarno";"servizio-circondariale-dello-stato-civile-di-locarno-locarno-ti";"TI";"Tessin";"6600";"Locarno";"Via della Posta 9";"";"";"";"di-scsc.locarno@ti.ch";"";"";"";"Ascona, Avegno Gordevio, Bosco/Gurin, Brione sopra Minusio, Brissago, Campo Vallemaggia, Centovalli, Cerentino, Cevio, Cugnasco-Gerra, Gambarogno, Gordola, Lavertezzo, Lavizzara, Linescio, Locarno, Losone, Maggia, Mergoscia, Minusio, Muralto, Onsernone, Orselina, Ronco sopra Ascona, Tenero-Contra, Terre di Pedemonte, Verzasca"
"servizio-circondariale-dello-stato-civile-di-lugano-breganzona-ti";"Servizio circondariale dello stato civile di Lugano";"servizio-circondariale-dello-stato-civile-di-lugano-breganzona-ti";"TI";"Tessin";"6932";"Breganzona";"Via Dottor Giovanni Polar 46";"";"";"";"di-scsc.lugano@ti.ch";"";"";"";"Agno, Alto Malcantone, Aranno, Arogno, Bedano, Bioggio, Bissone, Brusino Arsizio, Cademario, Cadempino, Canobbio, Capriasca, Caslano, Collina d'Oro, Comano, Cureglia, Grancia, Gravesano, Lamone, Lema, Lugano, Magliaso, Manno, Massagno, Melide, Mezzovico-Vira, Monteceneri, Morcote, Muzzano, Neggio, Origlio, Paradiso, Ponte Capriasca, Porza, Pura, Savosa, Sorengo, Torricella-Taverne, Tresa, Val Mara, Vernate, Vezia, Vico Morcote"
"servizio-circondariale-dello-stato-civile-di-mendrisio-mendrisio-ti";"Servizio circondariale dello stato civile di Mendrisio";"servizio-circondariale-dello-stato-civile-di-mendrisio-mendrisio-ti";"TI";"Tessin";"6850";"Mendrisio";"Via Municipio 13";"";"";"";"di-scsc.mendrisio@ti.ch";"";"";"";"Balerna, Breggia, Castel San Pietro, Chiasso, Coldrerio, Mendrisio, Morbio Inferiore, Novazzano, Riva San Vitale, Stabio, Vacallo"
"zivilstandsamt-uri-altdorf-ur";"Zivilstandsamt Uri";"zivilstandsamt-uri-altdorf-ur";"UR";"Uri";"6460";"Altdorf";"Marktgasse 6";"Postfach 126";"";"";"zivilstandsamt@ur.ch";"";"";"";"Altdorf, Andermatt, Attinghausen, Bürglen (UR), Erstfeld, Flüelen, Göschenen, Gurtnellen, Hospental, Isenthal, Realp, Schattdorf, Seedorf (UR), Seelisberg, Silenen, Sisikon, Spiringen, Unterschächen, Wassen"
"office-de-l-etat-civil-du-canton-de-vaud-lausanne-vd";"Office de l'état civil du Canton de Vaud";"office-de-l-etat-civil-du-canton-de-vaud-lausanne-vd";"VD";"Waadt";"1014";"Lausanne";"Avenue de Sévelin 46";"";"";"";"etat.civil@vd.ch";"";"";"";"Aclens, Agiez, Aigle, Allaman, Arnex-sur-Nyon, Arnex-sur-Orbe, Arzier-Le Muids, Assens, Assens (Bioley-Orjulaz), Assens (Malapalud), Aubonne, Aubonne (Montherod), Aubonne (Pizy), Avenches, Avenches (Donatyre), Avenches (Oleyres), Ballaigues, Ballens, Bassins, Baulmes, Bavois, Begnins, Belmont-sur-Lausanne, Belmont-sur-Yverdon, Bercher, Berolle, Bettens, Bex, Bière, Bioley-Magnoux, Blonay - Saint-Légier, Blonay-Saint-Légier (Blonay), Blonay-Saint-Légier (Saint-Légier-La Chiésaz), Bofflens, Bogis-Bossey, Bonvillars, Borex, Bottens, Bougy-Villars, Boulens, Bourg-en-Lavaux, Bourg-en-Lavaux (Cully), Bourg-en-Lavaux (Epesses), Bourg-en-Lavaux (Grandvaux), Bourg-en-Lavaux (Riex), Bourg-en-Lavaux (Villette), Bournens, Boussens, Bremblens, Bretigny-sur-Morrens, Bretonnières, Buchillon, Bullet, Bursinel, Bursins, Burtigny, Bussigny, Bussy-sur-Moudon, Chamblon, Champagne, Champtauroz, Champvent, Champvent (Essert-sous-Champvent), Champvent (Villars-sous-Champvent), Chardonne, Château-d'Oex, Chavannes-de-Bogis, Chavannes-des-Bois, Chavannes-le-Chêne, Chavannes-le-Veyron, Chavannes-près-Renens, Chavannes-sur-Moudon, Chavornay, Chavornay (Corcelles-sur-Chavornay), Chavornay (Essert-Pittet), Chêne-Pâquier, Cheseaux-Noréaz, Cheseaux-sur-Lausanne, Chéserex, Chessel, Chevilly, Chevroux, Chexbres, Chigny, Clarmont, Coinsins, Commugny, Concise, Coppet, Corbeyrier, Corcelles-le-Jorat, Corcelles-près-Concise, Corcelles-près-Payerne, Corseaux, Corsier-sur-Vevey, Cossonay, Crans, Crassier, Crissier, Cronay, Croy, Cuarnens, Cuarny, Cudrefin, Cudrefin (Champmartin), Cugy (VD), Curtilles, Daillens, Démoret, Denens, Denges, Dizy, Dompierre, Donneloye, Donneloye (Gossens), Donneloye (Mézery-près-Donneloye), Donneloye (Prahins), Duillier, Dully, Echallens, Echandens, Echichens, Echichens (Colombier), Echichens (Monnaz), Echichens (Saint-Saphorin-sur-Morges), Eclépens, Ecublens, Epalinges, Ependes, Essertines-sur-Rolle, Essertines-sur-Yverdon, Etagnières, Etoy, Eysins, Faoug, Féchy, Ferreyres, Fey, Fiez, Fontaines-sur-Grandson, Forel (Lavaux), Founex, Froideville, Genolier, Giez, Gilly, Gimel, Gingins, Givrins, Gland, Gollion, Goumoëns, Goumoëns (Eclagnens), Goumoëns (Goumoens-la-Ville), Goumoëns (Goumoens-le-Jux), Grancy, Grandcour, Grandevent, Grandson, Grens, Gryon, Hautemorges, Hautemorges (Apples), Hautemorges (Bussy-Chardonney, Bussy-sur-Morges), Hautemorges (Bussy-Chardonney, Chardonney-sur-Morges), Hautemorges (Bussy-Chardonney), Hautemorges (Cottens), Hautemorges (Pampigny), Hautemorges (Reverolle), Hautemorges (Sévery), Henniez, Hermenches, Jongny, Jorat-Menthue, Jorat-Menthue (Montaubion-Chardonney), Jorat-Menthue (Peney-le-Jorat), Jorat-Menthue (Sottens), Jorat-Menthue (Villars-Mendraz), Jorat-Menthue (Villars-Tiercelin), Jorat-Mézières, Jorat-Mézières (Carrouge), Jorat-Mézières (Ferlens), Jorat-Mézières (Mézières), Jouxtens-Mézery, Juriens, L'Abbaye, L'Abergement, L'Isle, La Chaux (Cossonay), La Praz, La Rippe, La Sarraz, La Tour-de-Peilz, Lausanne, Lavey-Morcles, Lavigny, Le Chenit, Le Lieu, Le Mont-sur-Lausanne, Le Vaud, Les Clées, Leysin, Lignerolle, Lonay, Longirod, Lovatens, Lucens, Lucens (Brenles), Lucens (Chesalles-sur-Moudon), Lucens (Cremin), Lucens (Forel-sur-Lucens), Lucens (Oulens-sur-Lucens), Lucens (Sarzens), Luins, Lully (VD), Lussery-Villars, Lussery-Villars (Lussery), Lussery-Villars (Villars-Lussery), Lussy-sur-Morges, Lutry, Maracon, Maracon (La Rogivue), Marchissy, Mathod, Mauborget, Mauraz, Mex, Mies, Missy, Moiry, Mollens, Molondin, Mont-la-Ville, Mont-sur-Rolle, Montagny-près-Yverdon, Montanaire, Montanaire (Chanéaz), Montanaire (Chapelle-sur-Moudon), Montanaire (Correvon), Montanaire (Denezy), Montanaire (Martherenges), Montanaire (Neyruz-sur-Moudon), Montanaire (Peyres-Possens), Montanaire (Saint-Cierges), Montanaire (Thierrens), Montcherand, Montilliez, Montilliez (Dommartin), Montilliez (Naz), Montilliez (Poliez-le-Grand), Montilliez (Sugnens), Montpreveyres, Montreux, Montreux (Montreux-Châtelard), Montreux (Montreux-Planches), Montricher, Morges, Morrens, Moudon, Mutrux, Novalles, Noville, Nyon, Ogens, Ollon, Onnens, Oppens, Orbe, Orges, Ormont-Dessous, Ormont-Dessus, Orny, Oron, Oron (Bussigny-sur-Oron), Oron (Châtillens), Oron (Chesalles-sur-Oron), Oron (Ecoteaux), Oron (Essertes), Oron (Les Tavernes), Oron (Les Thioleyres), Oron (Oron-la-Ville), Oron (Oron-le-Châtel), Oron (Palézieux), Oron (Vuibroye), Orzens, Oulens-sous-Echallens, Pailly, Paudex, Payerne, Penthalaz, Penthaz, Penthéréaz, Perroy, Poliez-Pittet, Pompaples, Pomy, Prangins, Premier, Préverenges, Prévonloup, Prilly, Provence, Puidoux, Pully, Rances, Renens, Rennaz, Rivaz, Roche, Rolle, Romainmôtier-Envy, Romainmôtier-Envy (Envy), Romainmôtier-Envy (Romainmôtier), Romanel-sur-Lausanne, Romanel-sur-Morges, Ropraz, Rossenges, Rossinière, Rougemont, Rovray, Rovray (Arrissoules), Rueyres, Saint-Barthélemy, Saint-Cergue, Saint-George, Saint-Livres, Saint-Oyens, Saint-Prex, Saint-Saphorin (Lavaux), Saint-Sulpice, Sainte-Croix, Saubraz, Savigny, Senarclens, Sergey, Servion, Servion (Les Cullayes), Signy-Avenex, Suchy, Sullens, Suscévaz, Syens, Tannay, Tartegnin, Tévenon, Tévenon (Fontanezier), Tévenon (Romairon), Tévenon (Vaugondry), Tévenon (Villars-Burquin), Tolochenaz, Trélex, Trey, Treycovagnes, Treytorrens (Payerne), Ursins, Valbroye, Valbroye (Cerniaz), Valbroye (Combremont-le-Grand), Valbroye (Combremont-le-Petit), Valbroye (Granges-près-Marnand), Valbroye (Marnand), Valbroye (Sassel), Valbroye (Seigneux), Valbroye (Villars-Bramard), Valeyres-sous-Montagny, Valeyres-sous-Rances, Valeyres-sous-Ursins, Vallorbe, Vaulion, Vaux-sur-Morges, Vevey, Veytaux, Vich, Villars-Epeney, Villars-le-Comte, Villars-le-Terroir, Villars-sous-Yens, Villars-Ste-Croix, Villarzel, Villarzel (Rossens), Villarzel (Sédeilles), Villeneuve, Vinzel, Vuarrens, Vucherens, Vufflens-la-Ville, Vufflens-le-Château, Vugelles-La Mothe, Vuiteboeuf, Vulliens, Vullierens, Vully-les-Lacs, Vully-les-Lacs (Bellerive), Vully-les-Lacs (Chabrey), Vully-les-Lacs (Constantine), Vully-les-Lacs (Montmagny), Vully-les-Lacs (Mur), Vully-les-Lacs (Vallamand), Vully-les-Lacs (Villars-le-Grand), Yens, Yverdon-les-Bains, Yverdon-les-Bains (Gressy), Yvonand, Yvorne"
"arrondissement-de-l-etat-civil-de-martigny-martigny-vs";"Arrondissement de l'état civil de Martigny";"arrondissement-de-l-etat-civil-de-martigny-martigny-vs";"VS";"Wallis";"1920";"Martigny";"Avenue du Léman 29";"Case postale 406";"";"";"etatcivil-martigny@admin.vs.ch";"";"";"";"Bourg-St-Pierre, Bovernier, Collonges, Dorénaz, Evionnaz, Finhaut, Fully, Isérables, Leytron, Liddes, Martigny, Martigny-Combe, Orsières, Riddes, Saillon, Salvan, Saxon, Sembrancher, Trient, Val de Bagnes, Vernayaz"
"arrondissement-de-l-etat-civil-de-sierre-sierre-vs";"Arrondissement de l'état civil de Sierre";"arrondissement-de-l-etat-civil-de-sierre-sierre-vs";"VS";"Wallis";"3960";"Sierre";"av. de France 21";"Case postale 668";"";"";"etatcivil-sierre@admin.vs.ch";"";"";"";"Anniviers, Chalais, Chippis, Crans-Montana, Grône, Icogne, Lens, Noble-Contrée, Sierre"
"arrondissement-de-l-etat-civil-de-sion-sion-vs";"Arrondissement de l'état civil de Sion";"arrondissement-de-l-etat-civil-de-sion-sion-vs";"VS";"Wallis";"1950";"Sion";"rue de Conthey 21";"Case postale 478";"";"";"etatcivil-sion@admin.vs.ch";"";"";"";"Arbaz, Ardon, Ayent, Chamoson, Conthey, Evolène, Grimisuat, Hérémence, Mont-Noble, Nendaz, Saint-Léonard, Saint-Martin (VS), Savièse, Sion, Vétroz, Vex, Veysonnaz"
"office-de-l-etat-civil-de-monthey-monthey-vs";"Office de l'état civil de Monthey";"office-de-l-etat-civil-de-monthey-monthey-vs";"VS";"Wallis";"1870";"Monthey";"Avenue du Simplon 32 A";"Case postale 1368";"";"";"etatcivil-monthey@admin.vs.ch";"";"";"";"Champéry, Collombey-Muraz, Massongex, Monthey, Port-Valais, Saint-Gingolph, Saint-Maurice, Troistorrents, Val-d'Illiez, Vérossaz, Vionnaz, Vouvry"
"zivilstandsamt-brig-glis-brig-glis-vs";"Zivilstandsamt Brig-Glis";"zivilstandsamt-brig-glis-brig-glis-vs";"VS";"Wallis";"3900";"Brig-Glis";"Alte Simplonstrasse 26";"Postfach";"";"";"zivilstand-brig-glis@admin.vs.ch";"";"";"";"Bellwald, Bettmeralp, Binn, Bister, Bitsch, Brig-Glis, Ernen, Fiesch, Fieschertal, Goms, Grengiols, Lax, Mörel-Filet, Naters, Obergoms, Ried-Brig, Riederalp, Simplon, Termen, Zwischbergen"
"zivilstandsamt-des-kreises-visp-visp-vs";"Zivilstandsamt des Kreises Visp";"zivilstandsamt-des-kreises-visp-visp-vs";"VS";"Wallis";"3930";"Visp";"St. Martiniplatz 1";"Postfach 630";"";"";"zivilstand-visp@admin.vs.ch";"";"";"";"Agarn, Albinen, Ausserberg, Baltschieder, Blatten, Bürchen, Eggerberg, Eischoll, Eisten, Embd, Ergisch, Ferden, Gampel-Bratsch, Grächen, Guttet-Feschel, Inden, Kippel, Lalden, Leuk, Leukerbad, Niedergesteln, Oberems, Randa, Raron, Saas-Almagell, Saas-Balen, Saas-Fee, Saas-Grund, Salgesch, St. Niklaus, Stalden, Staldenried, Steg-Hohtenn, Täsch, Törbel, Turtmann-Unterems, Unterbäch, Varen, Visp, Visperterminen, Wiler (Lötschen), Zeneggen, Zermatt"
"zivilstandsamt-kreis-baar-baar-zg";"Zivilstandsamt Kreis Baar";"zivilstandsamt-kreis-baar-baar-zg";"ZG";"Zug";"6341";"Baar";"Rathausstrasse 2";"";"";"+41 41 769 01 90";"zivilstandsamt@baar.ch";"";"";"";"Baar, Menzingen, Neuheim"
"zivilstandsamt-kreis-cham-cham-zg";"Zivilstandsamt Kreis Cham";"zivilstandsamt-kreis-cham-cham-zg";"ZG";"Zug";"6330";"Cham";"Mandelhof";"";"";"+41 41 723 88 99";"zivilstandsamt@cham.ch";"";"";"";"Cham, Hünenberg, Risch"
"zivilstandsamt-kreis-zug-zug-zg";"Zivilstandsamt Kreis Zug";"zivilstandsamt-kreis-zug-zug-zg";"ZG";"Zug";"6301";"Zug";"Stadthaus, Gubelstrasse 22";"Postfach";"";"";"zivilstandsamt@stadtzug.ch";"";"";"";"Oberägeri, Steinhausen, Unterägeri, Walchwil, Zug"
"zivilstandsamt-dielsdorf-dielsdorf-zh";"Zivilstandsamt Dielsdorf";"zivilstandsamt-dielsdorf-dielsdorf-zh";"ZH";"Zuerich";"8157";"Dielsdorf";"Mühlestrasse 4";"Postfach 222";"";"+41 44 854 71 85";"zivilstandsamt@dielsdorf.ch";"";"";"";"Bachs, Dielsdorf, Neerach, Niederglatt, Niederhasli, Niederweningen, Oberglatt, Oberweningen, Regensberg, Schleinikon, Schöfflisdorf, Steinmaur"
"zivilstandsamt-volketswil-volketswil-zh";"Zivilstandsamt Volketswil";"zivilstandsamt-volketswil-volketswil-zh";"ZH";"Zuerich";"8604";"Volketswil";"Zentralstrasse 21";"";"";"+41 44 910 21 01";"zivilstandsamt@volketswil.ch";"";"";"";"Greifensee, Schwerzenbach, Volketswil"
"zivilstandsamt-zollikon-zollikon-zh";"Zivilstandsamt Zollikon";"zivilstandsamt-zollikon-zollikon-zh";"ZH";"Zuerich";"8702";"Zollikon";"Bergstrasse 20";"";"";"+41 44 395 38 90";"zivilstandsamt@zollikon.ch";"";"";"";"Zollikon"
"zivilstandsamt-zurich-zurich-zh";"Zivilstandsamt Zürich";"zivilstandsamt-zurich-zurich-zh";"ZH";"Zuerich";"8022";"Zürich";"Stadthausquai 17";"";"";"+41 44 270 95 10";"infozsa@zuerich.ch";"";"";"";"Zürich"
"zivilstandskreis-bezirk-andelfingen-kleinandelfingen-zh";"Zivilstandskreis Bezirk Andelfingen";"zivilstandskreis-bezirk-andelfingen-kleinandelfingen-zh";"ZH";"Zuerich";"8451";"Kleinandelfingen";"Kanzleistrasse 2";"";"";"";"info@zivba.ch";"";"";"";"Andelfingen, Benken (ZH), Berg am Irchel, Buch am Irchel, Dachsen, Dorf, Feuerthalen, Flaach, Flurlingen, Henggart, Kleinandelfingen, Laufen-Uhwiesen, Marthalen, Ossingen, Rheinau, Stammheim, Thalheim an der Thur, Trüllikon, Truttikon, Volken"
"zivilstandskreis-bulach-bulach-zh";"Zivilstandskreis Bülach";"zivilstandskreis-bulach-bulach-zh";"ZH";"Zuerich";"8180";"Bülach";"Allmendstrasse 6";"";"";"";"zivilstandsamt@buelach.ch";"";"";"";"Bachenbülach, Bülach, Eglisau, Embrach, Freienstein-Teufen, Glattfelden, Hochfelden, Höri, Hüntwangen, Lufingen, Oberembrach, Rafz, Rorbas, Stadel, Wasterkingen, Weiach, Wil (ZH), Winkel"
"zivilstandskreis-dietikon-dietikon-zh";"Zivilstandskreis Dietikon";"zivilstandskreis-dietikon-dietikon-zh";"ZH";"Zuerich";"8953";"Dietikon";"Bremgartnerstrasse 22";"";"";"+41 44 744 36 29";"zivilstandsamt@dietikon.ch";"";"";"";"Aesch (ZH), Birmensdorf, Dietikon, Geroldswil, Oberengstringen, Oetwil an der Limmat, Schlieren, Uitikon, Unterengstringen, Urdorf, Weiningen"
"zivilstandskreis-dubendorf-dubendorf-zh";"Zivilstandskreis Dübendorf";"zivilstandskreis-dubendorf-dubendorf-zh";"ZH";"Zuerich";"8600";"Dübendorf";"Usterstrasse 2";"";"";"+41 44 801 67 15";"zivilstandsamt@duebendorf.ch";"";"";"";"Dübendorf, Fällanden, Maur, Wallisellen, Wangen-Brüttisellen"
"zivilstandskreis-furttal-regensdorf-zh";"Zivilstandskreis Furttal";"zivilstandskreis-furttal-regensdorf-zh";"ZH";"Zuerich";"8105";"Regensdorf";"Watterstrasse 116";"";"";"+41 44 842 39 45";"zivilstandsamt@regensdorf.ch";"";"";"";"Boppelsen, Buchs (ZH), Dällikon, Dänikon, Hüttikon, Otelfingen, Regensdorf"
"zivilstandskreis-horgen-horgen-zh";"Zivilstandskreis Horgen";"zivilstandskreis-horgen-horgen-zh";"ZH";"Zuerich";"8810";"Horgen";"Bahnhofstrasse 10";"Postfach";"";"+41 44 728 43 00";"zivilstandsamt@horgen.ch";"";"";"";"Horgen, Oberrieden"
"zivilstandskreis-illnau-effretikon-effretikon-zh";"Zivilstandskreis Illnau-Effretikon";"zivilstandskreis-illnau-effretikon-effretikon-zh";"ZH";"Zuerich";"8307";"Effretikon";"Märtplatz 29";"";"";"+41 52 354 23 23";"zivilstandsamt@ilef.ch";"";"";"";"Illnau-Effretikon, Lindau, Weisslingen"
"zivilstandskreis-kloten-kloten-zh";"Zivilstandskreis Kloten";"zivilstandskreis-kloten-kloten-zh";"ZH";"Zuerich";"8302";"Kloten";"Kirchgasse 7";"";"";"+41 44 815 16 00";"zivilstandsamt@kloten.ch";"";"";"";"Bassersdorf, Dietlikon, Kloten, Nürensdorf, Opfikon, Rümlang"
"zivilstandskreis-kusnacht-kusnacht-zh-zh";"Zivilstandskreis Küsnacht";"zivilstandskreis-kusnacht-kusnacht-zh-zh";"ZH";"Zuerich";"8700";"Küsnacht ZH";"Obere Dorfstrasse 32";"Postfach";"";"";"zivilstandsamt@kuesnacht.ch";"";"";"";"Erlenbach, Herrliberg, Küsnacht, Zumikon"
"zivilstandskreis-mannedorf-mannedorf-zh";"Zivilstandskreis Männedorf";"zivilstandskreis-mannedorf-mannedorf-zh";"ZH";"Zuerich";"8708";"Männedorf";"Bahnhofstrasse 10";"";"";"+41 44 921 66 05";"zivilstandsamt@maennedorf.ch";"";"";"";"Hombrechtikon, Männedorf, Meilen, Oetwil am See, Stäfa, Uetikon am See"
"zivilstandskreis-pfaffikon-pfaffikon-zh-zh";"Zivilstandskreis Pfäffikon";"zivilstandskreis-pfaffikon-pfaffikon-zh-zh";"ZH";"Zuerich";"8330";"Pfäffikon ZH";"Postfach";"";"";"+41 44 952 52 00";"zivilstandsamt@pfaeffikon.ch";"";"";"";"Bauma, Fehraltorf, Hittnau, Pfäffikon, Russikon, Wila, Wildberg"
"zivilstandskreis-ruti-zh-ruti-zh-zh";"Zivilstandskreis Rüti ZH";"zivilstandskreis-ruti-zh-ruti-zh-zh";"ZH";"Zuerich";"8630";"Rüti ZH";"Breitenhofstrasse 30";"";"";"";"zivilstandsamt@rueti.ch";"";"";"";"Bubikon, Dürnten, Rüti, Wald (ZH)"
"zivilstandskreis-sihltal-albis-adliswil-zh";"Zivilstandskreis Sihltal-Albis";"zivilstandskreis-sihltal-albis-adliswil-zh";"ZH";"Zuerich";"8134";"Adliswil";"Zürichstrasse 10";"";"";"044 711 77 16";"zivilstandsamt@adliswil.ch";"";"";"";"Adliswil, Aeugst am Albis, Affoltern am Albis, Bonstetten, Hausen am Albis, Hedingen, Kappel am Albis, Knonau, Langnau am Albis, Maschwanden, Mettmenstetten, Obfelden, Ottenbach, Rifferswil, Stallikon, Wettswil am Albis"
"zivilstandskreis-thalwil-ruschlikon-kilchberg-thalwil-zh";"Zivilstandskreis Thalwil-Rüschlikon-Kilchberg";"zivilstandskreis-thalwil-ruschlikon-kilchberg-thalwil-zh";"ZH";"Zuerich";"8800";"Thalwil";"alte Landstrasse 112";"";"";"";"zivilstandsamt@thalwil.ch";"";"";"";"Kilchberg (ZH), Rüschlikon, Thalwil"
"zivilstandskreis-uster-uster-zh";"Zivilstandskreis Uster";"zivilstandskreis-uster-uster-zh";"ZH";"Zuerich";"8610";"Uster";"Bahnhofstrasse 17";"";"";"+41 44 944 78 00";"zivilstandsamt@uster.ch";"";"";"";"Egg, Mönchaltorf, Uster"
"zivilstandskreis-wadenswil-wadenswil-zh";"Zivilstandskreis Wädenswil";"zivilstandskreis-wadenswil-wadenswil-zh";"ZH";"Zuerich";"8820";"Wädenswil";"Florhofstrasse 6";"Postfach";"";"";"zivilstandswesen@waedenswil.ch";"";"";"";"Richterswil, Wädenswil"
"zivilstandskreis-wetzikon-wetzikon-zh";"Zivilstandskreis Wetzikon";"zivilstandskreis-wetzikon-wetzikon-zh";"ZH";"Zuerich";"8622";"Wetzikon";"Bahnhofstrasse 167";"";"";"+41 44 931 32 01";"zivilstandswesen@wetzikon.ch";"";"";"";"Bäretswil, Fischenthal, Gossau (ZH), Grüningen, Hinwil, Seegräben, Wetzikon"
"zivilstandskreis-winterthur-winterthur-zh";"Zivilstandskreis Winterthur";"zivilstandskreis-winterthur-winterthur-zh";"ZH";"Zuerich";"8403";"Winterthur";"Pionierstrasse 7";"";"";"+41 52 267 57 25";"zivilstandsamt@win.ch";"";"";"";"Altikon, Brütten, Dägerlen, Dättlikon, Dinhard, Elgg, Ellikon an der Thur, Elsau, Hagenbuch, Hettlingen, Neftenbach, Pfungen, Rickenbach (ZH), Schlatt (ZH), Seuzach, Turbenthal, Wiesendangen, Winterthur, Zell (ZH)"